{"type": "FeatureCollection", "name": "Periyar mapped river network", "version": "osm-9f987e594965", "features": [{"type": "Feature", "properties": {"id": "OSM-32923368-0", "upstream_node": "osm:370763857", "downstream_node": "osm:5830419849", "name": "Periyar", "osm_way_id": 32923368, "source": "OpenStreetMap", "source_url": "https://www.openstreetmap.org/way/32923368", "mainstem": true, "demo": false}, "geometry": {"type": "LineString", "coordinates": [[77.2625746, 9.4977203], [77.2625541, 9.4985034], [77.2622966, 9.5166188], [77.2630691, 9.5178039], [77.2633266, 9.5198355], [77.2622966, 9.5226289], [77.2587775, 9.52356]]}}, {"type": "Feature", "properties": {"id": "OSM-32923368-6", "upstream_node": "osm:5830419849", "downstream_node": "osm:7936496962", "name": "Periyar", "osm_way_id": 32923368, "source": "OpenStreetMap", "source_url": "https://www.openstreetmap.org/way/32923368", "mainstem": true, "demo": false}, "geometry": {"type": "LineString", "coordinates": [[77.2587775, 9.52356], [77.2538852, 9.5222903], [77.2486495, 9.5228828], [77.2397446, 9.525655], [77.2381139, 9.52775], [77.236719, 9.5285542], [77.2335433, 9.5284696], [77.2222995, 9.5280463], [77.219619, 9.5277574], [77.2101818, 9.5267403], [77.2079658, 9.5265015], [77.2036084, 9.5278248], [77.2009276, 9.5286389], [77.1941256, 9.5294641], [77.1914863, 9.529316], [77.1877956, 9.5292314], [77.1818732, 9.5272845], [77.1678828, 9.5270306], [77.1597222, 9.5279905], [77.1585273, 9.528131], [77.151575, 9.5279617], [77.1499872, 9.5288504], [77.1497159, 9.5292888], [77.1487266, 9.5308872], [77.1476483, 9.5311623], [77.1468061, 9.5312469], [77.146658, 9.5312313], [77.1461785, 9.5311808], [77.1461121, 9.5311719]]}}, {"type": "Feature", "properties": {"id": "OSM-45738262-0", "upstream_node": "osm:1764116925", "downstream_node": "osm:1165382321", "name": "Chalakkudy River", "osm_way_id": 45738262, "source": "OpenStreetMap", "source_url": "https://www.openstreetmap.org/way/45738262", "mainstem": false, "demo": false}, "geometry": {"type": "LineString", "coordinates": [[76.649577, 10.3204924], [76.6485941, 10.3202796], [76.6474807, 10.3200386], [76.6460431, 10.3196903], [76.6445878, 10.3191257], [76.641792, 10.3177174], [76.6383382, 10.3133449], [76.6293773, 10.3189062], [76.6250571, 10.3183512], [76.6226078, 10.3169231], [76.622355, 10.3155328], [76.6212186, 10.3145747], [76.6197174, 10.3143133], [76.6185412, 10.3141756], [76.6160669, 10.3133413], [76.6160493, 10.3126233], [76.6160144, 10.3112957], [76.6135158, 10.3095985], [76.6124115, 10.3089352], [76.6093645, 10.3059374], [76.6079376, 10.3017995], [76.6054666, 10.302074], [76.604163, 10.3020256], [76.6025054, 10.302285], [76.6012355, 10.3026647], [76.6005313, 10.3028753], [76.5984178, 10.3029131], [76.5939151, 10.3027105], [76.5928656, 10.3019094], [76.5919031, 10.300502], [76.5914121, 10.299882], [76.5900201, 10.2994074], [76.5880256, 10.2987352], [76.5869969, 10.2985588], [76.5861123, 10.2987592], [76.5853286, 10.299471], [76.5839891, 10.3010305], [76.5821641, 10.3018116], [76.5806186, 10.3017722], [76.5793793, 10.301945], [76.578469, 10.3027346], [76.5781279, 10.3030319], [76.5778077, 10.3032078], [76.5774023, 10.3032091], [76.5762341, 10.3024839], [76.5703654, 10.2973907], [76.5670689, 10.2945914], [76.5662319, 10.2937905], [76.5663063, 10.2931321], [76.5668014, 10.2922781], [76.571887, 10.2886173], [76.5734183, 10.2872374], [76.5738809, 10.2866981], [76.5740794, 10.2861147], [76.5741008, 10.2856635], [76.5738339, 10.2852032], [76.5733369, 10.2850321], [76.5705515, 10.2847894], [76.5691181, 10.2847989], [76.5683824, 10.2851199], [76.5673417, 10.28536], [76.5622008, 10.2854026], [76.5605323, 10.2851212], [76.5578252, 10.2838056], [76.5562696, 10.2832554], [76.5548459, 10.2832049], [76.5540376, 10.2831763], [76.5531152, 10.2835628], [76.5522627, 10.28429], [76.5503938, 10.2864125], [76.5491831, 10.287949], [76.5483691, 10.2887334], [76.5476489, 10.2893424], [76.5467575, 10.2897506], [76.545648, 10.2899758], [76.5444101, 10.2900132], [76.542213, 10.2897691], [76.5399945, 10.2891423], [76.5388605, 10.2888219], [76.5378856, 10.2888041], [76.536344, 10.2883739], [76.535578, 10.2883254], [76.5340376, 10.2882279], [76.5302825, 10.2866867], [76.5250184, 10.2841529], [76.5218317, 10.2847414], [76.5198381, 10.2860308], [76.5173148, 10.2873464], [76.5167285, 10.2876521], [76.5086532, 10.2889668], [76.5055471, 10.289047], [76.5037008, 10.2887441], [76.5001559, 10.2875945], [76.4990278, 10.2874679], [76.4976542, 10.2877077], [76.496818, 10.2886613], [76.4962641, 10.2900454], [76.4953392, 10.2915167], [76.4928414, 10.2929226], [76.4911315, 10.2934996], [76.4896846, 10.293696], [76.4872404, 10.2928036], [76.4862729, 10.2924504], [76.4838255, 10.2914419], [76.4815069, 10.2919112], [76.4799081, 10.2925415], [76.4781347, 10.2927595], [76.4753616, 10.2913948], [76.4737392, 10.2913805], [76.4732573, 10.2915343], [76.4721515, 10.2918872], [76.4710582, 10.2922361], [76.4704588, 10.2924274], [76.4664465, 10.2943676], [76.4625463, 10.2952522], [76.4622256, 10.2953649], [76.4591088, 10.2964607], [76.454896, 10.2965495], [76.4538157, 10.2965225], [76.4537126, 10.2965206], [76.4532888, 10.2964758], [76.452194, 10.2963209], [76.4499482, 10.2958754], [76.4498364, 10.2958753], [76.4461029, 10.2958723], [76.4445826, 10.2945326], [76.443794, 10.2938249], [76.4437232, 10.2937614], [76.4427717, 10.2934432], [76.4393501, 10.2942533], [76.4376712, 10.2943505], [76.4351387, 10.2930833], [76.4344712, 10.2927493], [76.4318965, 10.2904492], [76.4313591, 10.2900917], [76.4285276, 10.2896251], [76.4239345, 10.2916859], [76.4228372, 10.2921782], [76.4162989, 10.2939875], [76.4118357, 10.2955245], [76.4073726, 10.29736], [76.4052799, 10.297653], [76.4033389, 10.298573], [76.3994305, 10.3025117], [76.3952197, 10.3048958], [76.388576, 10.3102265], [76.3825953, 10.3152759], [76.3790084, 10.3177915], [76.3772464, 10.3181643], [76.3770975, 10.3180879], [76.3753581, 10.3169821], [76.3726661, 10.3125793], [76.3686185, 10.3052303], [76.3678131, 10.3039775], [76.3670096, 10.3030532], [76.3668277, 10.3029627], [76.3663049, 10.3027027], [76.3654198, 10.3027339], [76.3640285, 10.3034709], [76.3614169, 10.3054157], [76.3588415, 10.3082481], [76.3564666, 10.3113646], [76.3551146, 10.3123939]]}}, {"type": "Feature", "properties": {"id": "OSM-77338454-0", "upstream_node": "osm:560839985", "downstream_node": "osm:3107610006", "name": "Periyar river", "osm_way_id": 77338454, "source": "OpenStreetMap", "source_url": "https://www.openstreetmap.org/way/77338454", "mainstem": true, "demo": false}, "geometry": {"type": "LineString", "coordinates": [[76.7832389, 10.0550371], [76.7829072, 10.0556361], [76.7827065, 10.0559985], [76.7824317, 10.0564947], [76.7816775, 10.0575992], [76.7815886, 10.0576758], [76.7813819, 10.057854], [76.7811253, 10.0580752], [76.7810588, 10.0581713], [76.7805062, 10.0586823], [76.7790603, 10.0591796], [76.7772886, 10.059235], [76.7772018, 10.0592377], [76.777156, 10.05923], [76.7768047, 10.0591711], [76.7752137, 10.0589043], [76.773036, 10.0591946], [76.7715382, 10.0598192], [76.7693884, 10.0598365], [76.7670332, 10.0605015], [76.7668687, 10.0605479], [76.7664682, 10.0611394], [76.7654992, 10.0625705], [76.7649304, 10.0634106], [76.7635736, 10.064868], [76.7626573, 10.0669499], [76.7611536, 10.0671268], [76.7598555, 10.0672796], [76.7577234, 10.0678521], [76.7564547, 10.0695524], [76.7561795, 10.0699199], [76.754675, 10.0719292], [76.7513094, 10.0736642], [76.7489835, 10.0744622], [76.74738, 10.075694], [76.7465925, 10.0765478], [76.7459879, 10.0772034], [76.7449835, 10.0799966], [76.743393, 10.0821187], [76.7430981, 10.0825122], [76.7425533, 10.0830969], [76.7409483, 10.0848195], [76.7376709, 10.0864329], [76.7374121, 10.0865195], [76.734922, 10.0873524], [76.7334343, 10.0880752], [76.7332379, 10.0881706], [76.7322436, 10.0886536], [76.7316227, 10.0889048], [76.7314773, 10.0889636], [76.729671, 10.0896945], [76.7285094, 10.0902663], [76.7282374, 10.0904001], [76.7281556, 10.0904404], [76.7272116, 10.0911241], [76.7266226, 10.0915507], [76.7249276, 10.0935593], [76.7247195, 10.093806], [76.7230631, 10.0955582], [76.7214773, 10.097397], [76.7212077, 10.0977459], [76.7192923, 10.1002247], [76.7183548, 10.101122], [76.7173892, 10.1020463], [76.7161425, 10.1029961], [76.7144289, 10.1043015], [76.7128016, 10.1054148], [76.7123496, 10.105724], [76.7106052, 10.1071118], [76.7090722, 10.1086904], [76.7069048, 10.1111016], [76.7066341, 10.111292], [76.7055148, 10.1120791], [76.7046846, 10.1126629], [76.7043781, 10.1128078], [76.7021551, 10.1138587], [76.7015657, 10.1141374], [76.6997797, 10.1152796], [76.6991516, 10.1156813], [76.6974776, 10.1177456], [76.6948521, 10.12007], [76.6925261, 10.1216833], [76.6923726, 10.1218439], [76.6908522, 10.1234353], [76.6888081, 10.1255862], [76.6853721, 10.1291249], [76.6822356, 10.1307381], [76.6802444, 10.1331839], [76.6784647, 10.1361154], [76.6767907, 10.1387346], [76.6711696, 10.1418394], [76.6670816, 10.1399661], [76.664879, 10.1385091], [76.6637269, 10.1380554]]}}, {"type": "Feature", "properties": {"id": "OSM-98747579-0", "upstream_node": "osm:8198393703", "downstream_node": "osm:7651983147", "name": "Karappara", "osm_way_id": 98747579, "source": "OpenStreetMap", "source_url": "https://www.openstreetmap.org/way/98747579", "mainstem": false, "demo": false}, "geometry": {"type": "LineString", "coordinates": [[76.6533758, 10.4596131], [76.6528871, 10.4595321], [76.6522904, 10.4594592], [76.6516291, 10.4595177], [76.6510094, 10.4596048], [76.6499363, 10.4597382], [76.6491052, 10.4596932], [76.6485242, 10.4599039], [76.6483203, 10.4597876], [76.6482444, 10.4591957], [76.6481641, 10.4585699], [76.6481967, 10.4581458], [76.6479209, 10.4580207], [76.6477055, 10.4579398], [76.646676, 10.457572], [76.6442018, 10.4576354], [76.6412776, 10.4577104], [76.6409647, 10.4579676], [76.6405544, 10.458177], [76.6402176, 10.4582076], [76.6397782, 10.4578863], [76.6395285, 10.4578013], [76.639136, 10.4579551], [76.6388326, 10.4580846], [76.6385584, 10.4580706], [76.6384248, 10.4578154], [76.6382571, 10.45768], [76.6375632, 10.4578156], [76.6364259, 10.4585119], [76.6362427, 10.4588726], [76.6358142, 10.4591468], [76.6358054, 10.4597876], [76.6356302, 10.4602472], [76.6357178, 10.4609175], [76.6356741, 10.460957], [76.635028, 10.461541], [76.6342556, 10.4612561], [76.6334509, 10.4610029], [76.6330003, 10.4605598], [76.6323673, 10.4597685], [76.6320025, 10.4591882], [76.6309189, 10.4589983], [76.6300284, 10.4588506], [76.6291808, 10.4587451], [76.6286122, 10.4589034], [76.628065, 10.45903], [76.6266703, 10.4607286], [76.6259622, 10.4608869], [76.6255545, 10.4608025], [76.6253399, 10.460296], [76.6252004, 10.4601378], [76.6254686, 10.459452], [76.6254043, 10.4592093], [76.6255759, 10.4588506], [76.625533, 10.4586712], [76.6253453, 10.4583969], [76.6250931, 10.4581437], [76.6248464, 10.4579327], [76.6245191, 10.4580224], [76.6242831, 10.4580013], [76.6239291, 10.4578483], [76.6236286, 10.4577586], [76.6232317, 10.4577903], [76.6229527, 10.4578852], [76.6225987, 10.4578747], [76.6222554, 10.4577692], [76.6217994, 10.4576162], [76.6214614, 10.457479], [76.6213004, 10.4574812], [76.6210645, 10.4574843], [76.6209518, 10.4572469], [76.6209089, 10.456999], [76.6206675, 10.4566983], [76.6204475, 10.4564609], [76.6204368, 10.4561918], [76.6203081, 10.4560178], [76.6200881, 10.4559123], [76.6200506, 10.4557434], [76.6197153, 10.455543], [76.6195758, 10.4554612], [76.6193613, 10.4554137], [76.6191038, 10.4554137], [76.6187765, 10.455361], [76.6184278, 10.4552845], [76.6181462, 10.4552713], [76.6177492, 10.4551711], [76.6173871, 10.4550049], [76.6172074, 10.4548638], [76.6169607, 10.4548005], [76.6167246, 10.4547583], [76.6166013, 10.4546475], [76.6164457, 10.454542], [76.6164028, 10.4544787], [76.6162901, 10.4544628], [76.6160809, 10.4543204], [76.6158985, 10.4541305], [76.6156464, 10.4539828], [76.6153996, 10.4539564], [76.6152172, 10.4540514], [76.6150188, 10.4542993], [76.6147988, 10.4545789], [76.6145306, 10.4548057], [76.6142302, 10.4549904], [76.6138654, 10.4551908], [76.6134094, 10.4549851], [76.6129374, 10.4547002], [76.6127389, 10.4544998], [76.612417, 10.4541463], [76.6121005, 10.4539195], [76.611548, 10.4539617], [76.6109364, 10.4541041], [76.6105931, 10.4540408], [76.6103222, 10.4540408], [76.6099682, 10.4541252], [76.6094746, 10.4541964], [76.6091957, 10.4541542], [76.6087773, 10.4541279], [76.6083857, 10.4541411], [76.6079994, 10.4540883], [76.6076802, 10.4540276], [76.6073959, 10.4539802], [76.6068058, 10.4538193], [76.6062613, 10.4536346], [76.6057625, 10.453508], [76.6052475, 10.4532548], [76.6046627, 10.4529963], [76.6041075, 10.4525268], [76.6037052, 10.452205], [76.603378, 10.4517196], [76.6032921, 10.4515772], [76.6030615, 10.4515508], [76.6029327, 10.4513451], [76.6027021, 10.4511605], [76.6023802, 10.4508492], [76.6020905, 10.4504957], [76.6018357, 10.4502979], [76.6015238, 10.4501423], [76.6006386, 10.4494828], [76.599893, 10.4492032], [76.599732, 10.4489184], [76.5997964, 10.4484699], [76.6000003, 10.4479213], [76.6005689, 10.4469981], [76.6006333, 10.446518], [76.6005152, 10.4461013], [76.6001719, 10.44579], [76.5996355, 10.4452835], [76.5992171, 10.444814], [76.5990454, 10.4444184], [76.5989166, 10.4438644], [76.598863, 10.4433105], [76.5987825, 10.4427566], [76.5988147, 10.4421868], [76.5987074, 10.441464], [76.5985089, 10.4406358], [76.59823, 10.4402823], [76.5980315, 10.4401451], [76.597361, 10.4400555], [76.5965617, 10.4399288], [76.5959394, 10.4397389], [76.5953278, 10.4396756], [76.5947217, 10.4395437], [76.5942228, 10.439396], [76.5937775, 10.4389423], [76.5929568, 10.4379874], [76.5924472, 10.437444], [76.5921146, 10.4369903], [76.5917015, 10.4367318], [76.5913099, 10.4367002], [76.5908486, 10.436832], [76.5905213, 10.4368426], [76.5899205, 10.4366843], [76.5892017, 10.4364786], [76.5888584, 10.4363414], [76.5885633, 10.436104], [76.588397, 10.4357189], [76.5884507, 10.4354762], [76.588676, 10.4351386], [76.5892017, 10.4348062], [76.5897596, 10.4341309], [76.590001, 10.4339462], [76.5903121, 10.4337985], [76.5905321, 10.4335928], [76.5907252, 10.4332182], [76.5910578, 10.4327645], [76.5912455, 10.4320153], [76.5911007, 10.4312345], [76.5911812, 10.4306911], [76.591444, 10.4302479], [76.5915835, 10.4297942], [76.5919805, 10.4293616], [76.5927368, 10.4289132], [76.5935093, 10.4284911], [76.5941048, 10.4277578], [76.5948021, 10.4267184], [76.5954566, 10.4256422], [76.5957195, 10.424835], [76.5957677, 10.4242335], [76.595639, 10.4237217], [76.5954512, 10.4231783], [76.595242, 10.4225452], [76.5952367, 10.4222761], [76.5953976, 10.4219385], [76.5958482, 10.4217063], [76.5965724, 10.4215481], [76.5973288, 10.4212421], [76.5980208, 10.4206775], [76.5985733, 10.4200392], [76.5990186, 10.4198334], [76.599834, 10.419596], [76.6008586, 10.4193269], [76.6013628, 10.419195], [76.6016257, 10.4191264], [76.6017759, 10.4189418], [76.6018993, 10.4185408], [76.6019368, 10.4182559], [76.6017383, 10.41757], [76.6016632, 10.4171849], [76.6016632, 10.4168577], [76.6018456, 10.4164673], [76.6019958, 10.4162193], [76.6026771, 10.4151747], [76.6031116, 10.4143622], [76.6034388, 10.413307], [76.6038734, 10.4124997], [76.6045546, 10.4118349], [76.6051072, 10.4112862], [76.6053003, 10.4110488], [76.6054022, 10.4108483], [76.6054237, 10.4106003], [76.6053271, 10.410173], [76.6050911, 10.4100147], [76.6045439, 10.4098722], [76.6041255, 10.4095715], [76.6036481, 10.40916], [76.6035622, 10.4089331], [76.603632, 10.4087431], [76.603868, 10.4083422], [76.6042864, 10.4078304], [76.6049838, 10.4071603], [76.6057563, 10.4068332], [76.6063249, 10.4065957], [76.6065609, 10.4064058], [76.6069364, 10.4057885], [76.6071993, 10.4051659], [76.6073334, 10.4045591], [76.6073281, 10.4035092], [76.6073066, 10.403029], [76.6072798, 10.4024803], [76.6069096, 10.4019474], [76.6066951, 10.4016836], [76.6065931, 10.4008605], [76.6066414, 10.400201], [76.6068238, 10.3998633], [76.6071188, 10.3995731], [76.6075212, 10.3994412], [76.6079557, 10.3994359], [76.6089052, 10.3995836], [76.6094685, 10.3995256], [76.6101229, 10.3993093], [76.6104823, 10.3990243], [76.6108954, 10.3983015], [76.6113728, 10.3975153], [76.6117644, 10.3967133], [76.6121614, 10.3961751], [76.6127783, 10.3955367], [76.6134489, 10.3947663], [76.6139531, 10.3940962], [76.6143715, 10.3933628], [76.6147149, 10.3925872], [76.6149884, 10.3919804], [76.6152352, 10.3915161], [76.6155463, 10.3908143], [76.6158789, 10.3904291], [76.6162652, 10.3902022], [76.616646, 10.3901389], [76.6170484, 10.3903394], [76.6176653, 10.3910939], [76.6180354, 10.3913525], [76.6183197, 10.3913789], [76.6185236, 10.39121], [76.6188884, 10.3907193], [76.6192049, 10.3898804], [76.61928, 10.3893211], [76.6190171, 10.3884399], [76.6188616, 10.3880019], [76.6189581, 10.3873107], [76.6190644, 10.3867811], [76.6191727, 10.3862501], [76.6194355, 10.3847305]]}}, {"type": "Feature", "properties": {"id": "OSM-104294671-0", "upstream_node": "osm:1203392512", "downstream_node": "osm:7499149249", "name": "Periyar", "osm_way_id": 104294671, "source": "OpenStreetMap", "source_url": "https://www.openstreetmap.org/way/104294671", "mainstem": true, "demo": false}, "geometry": {"type": "LineString", "coordinates": [[77.3050189, 9.4194115], [77.304858, 9.4192422], [77.304697, 9.4187606], [77.3045825, 9.418456], [77.3040265, 9.4177445], [77.3034257, 9.4166438], [77.3031735, 9.4159187], [77.302857, 9.4147015], [77.3026586, 9.4140665], [77.3023903, 9.4137437], [77.3017359, 9.4132303], [77.301178, 9.4129869], [77.3006791, 9.4128863], [77.2998047, 9.4127805], [77.2991931, 9.4127593], [77.2985548, 9.4128069], [77.2981203, 9.412881], [77.2976857, 9.4131509], [77.2974014, 9.4134738], [77.2971278, 9.4139077], [77.2971117, 9.4140982], [77.2972459, 9.4143417], [77.2976646, 9.4147065], [77.2979662, 9.4152314]]}}, {"type": "Feature", "properties": {"id": "OSM-104294674-0", "upstream_node": "osm:2022626512", "downstream_node": "osm:7260442586", "name": "Periyar", "osm_way_id": 104294674, "source": "OpenStreetMap", "source_url": "https://www.openstreetmap.org/way/104294674", "mainstem": true, "demo": false}, "geometry": {"type": "LineString", "coordinates": [[77.2579867, 9.2867093], [77.2588015, 9.2880235], [77.2594064, 9.2888689], [77.2593366, 9.2892594], [77.2590066, 9.28965], [77.2581911, 9.2904853], [77.2578333, 9.291027], [77.2577356, 9.2915687], [77.2578747, 9.2918864], [77.2585614, 9.292564], [77.2592051, 9.2933264], [77.2598918, 9.2942158], [77.2605355, 9.2951052], [77.2609217, 9.2958675], [77.2610505, 9.2964604], [77.2605355, 9.2970533], [77.259248, 9.2979004], [77.2580464, 9.2988321], [77.257231, 9.2994674], [77.2560659, 9.2995013], [77.2549565, 9.2990015], [77.2537978, 9.2990015], [77.2528107, 9.2997215], [77.251946, 9.300433], [77.2505298, 9.3008141], [77.2492488, 9.3008226], [77.2480471, 9.3015002], [77.246073, 9.302432], [77.244056, 9.3028978], [77.2429831, 9.3039566], [77.2430105, 9.3041643], [77.243058, 9.3045233], [77.2431119, 9.3049306], [77.2443993, 9.3059471], [77.2454658, 9.3072515], [77.2464662, 9.3087322], [77.2465816, 9.3089031], [77.2479549, 9.3105548], [77.2491565, 9.3123335], [77.249929, 9.3139428], [77.2498546, 9.3158321], [77.2499676, 9.3164138], [77.2511134, 9.3171719], [77.251706, 9.3180893], [77.2527669, 9.3191769], [77.2530662, 9.3194004], [77.2533901, 9.3196239], [77.2540059, 9.3198187], [77.2544201, 9.3194439], [77.2546754, 9.3186689], [77.2553406, 9.3188468], [77.25592, 9.3211167], [77.2562919, 9.3215849], [77.2575443, 9.3213157], [77.2584477, 9.3212713], [77.2594025, 9.3222559], [77.2602096, 9.3232047], [77.2606986, 9.3232595], [77.2625747, 9.3233919], [77.2633297, 9.3244563], [77.2635025, 9.3250183], [77.2629849, 9.3255951], [77.2625767, 9.3262006], [77.2626958, 9.3268819], [77.2620957, 9.3278471], [77.2622795, 9.328395], [77.2623003, 9.3284571], [77.2639304, 9.3301019], [77.2648878, 9.331576], [77.2658884, 9.3326262], [77.2663547, 9.3329112], [77.2675365, 9.331813], [77.2679452, 9.3315921], [77.2685842, 9.3314901], [77.2694852, 9.331751], [77.2698994, 9.3320057], [77.2701875, 9.3320757], [77.2704364, 9.3320298], [77.270476, 9.3318517], [77.2703976, 9.3316177], [77.2700473, 9.3314342], [77.2695982, 9.3311818], [77.2691547, 9.3309346], [77.268949, 9.3306904], [77.2687666, 9.3304277], [77.2686431, 9.3301721], [77.2685943, 9.3298335], [77.2687326, 9.3293948], [77.2688568, 9.3292832], [77.2691629, 9.3292187], [77.2695889, 9.3294515], [77.2701093, 9.3294771], [77.2706501, 9.3292673], [77.2711, 9.3288721], [77.2712429, 9.32846], [77.2710543, 9.3279695], [77.2708965, 9.3278397], [77.2707583, 9.3275846]]}}, {"type": "Feature", "properties": {"id": "OSM-135262277-0", "upstream_node": "osm:560843732", "downstream_node": "osm:560839985", "name": "Periyar", "osm_way_id": 135262277, "source": "OpenStreetMap", "source_url": "https://www.openstreetmap.org/way/135262277", "mainstem": true, "demo": false}, "geometry": {"type": "LineString", "coordinates": [[76.9512647, 9.965193], [76.9503463, 9.9648618], [76.9491326, 9.9648094], [76.9479106, 9.9647566], [76.9476432, 9.9649162], [76.9455939, 9.9661388], [76.9437934, 9.967766], [76.9425102, 9.9689258], [76.9420774, 9.969541], [76.9416459, 9.9701543], [76.9409363, 9.9711628], [76.9405783, 9.9716067], [76.940095, 9.9722058], [76.9397054, 9.9726889], [76.9396144, 9.972741], [76.9391879, 9.9729854], [76.9371266, 9.9741665], [76.9367445, 9.9743854], [76.9348002, 9.9749856], [76.9338462, 9.975169], [76.9321585, 9.9754933], [76.9311924, 9.9761859], [76.9289669, 9.9775131], [76.9279851, 9.9786998], [76.9277146, 9.9790268], [76.9247495, 9.9804246], [76.922827, 9.9813309], [76.9196441, 9.9834207], [76.9175699, 9.9845691], [76.9163178, 9.9856611], [76.9148363, 9.9859812], [76.9123702, 9.9860188], [76.9098277, 9.9877885], [76.907897, 9.9889652], [76.9056125, 9.9901795], [76.9037104, 9.9904619], [76.9024296, 9.9906314], [76.9010915, 9.9913562], [76.9001211, 9.9924681], [76.8996291, 9.9930318], [76.8973255, 9.995018], [76.896111, 9.9955958], [76.8948917, 9.9961759], [76.8944963, 9.996364], [76.8936999, 9.9967764], [76.8890036, 9.9989726], [76.8884841, 9.9993009], [76.8849991, 10.0014494], [76.8848807, 10.0015224], [76.8847096, 10.0015891], [76.8843512, 10.0017289], [76.8819178, 10.0026779], [76.8818113, 10.002757], [76.8812895, 10.0031447], [76.8792795, 10.0046381], [76.8771558, 10.0055654], [76.876326, 10.0059277], [76.8740798, 10.0071137], [76.8714513, 10.0091374], [76.8703799, 10.0096496], [76.8692458, 10.0101918], [76.8682865, 10.0106504], [76.8671788, 10.01118], [76.8652298, 10.0118352], [76.8645502, 10.0120083], [76.8624707, 10.013248], [76.8620555, 10.0134955], [76.8610399, 10.0142677], [76.8600005, 10.015058], [76.8595131, 10.0154046], [76.8579359, 10.0165264], [76.8548104, 10.0182583], [76.8513598, 10.0203008], [76.8497721, 10.0208855], [76.8476878, 10.0216459], [76.8453466, 10.0227354], [76.8437323, 10.0234728], [76.8435758, 10.0235386], [76.8413968, 10.0244553], [76.8391325, 10.025408], [76.838676, 10.0256], [76.836193, 10.0261815], [76.8355409, 10.0263342], [76.8329496, 10.0260576], [76.8328072, 10.0260424], [76.8309816, 10.026993], [76.8295103, 10.0277989], [76.8293663, 10.0278778], [76.827107, 10.0293181], [76.824618, 10.0311259], [76.823538, 10.0318556], [76.822316, 10.0326813], [76.8213506, 10.0333335], [76.8198176, 10.0345493], [76.8197003, 10.0346424], [76.819546, 10.0348809], [76.8192655, 10.0349697], [76.8171925, 10.0363431], [76.8165175, 10.0367154], [76.8135189, 10.0370123], [76.8116711, 10.0366978], [76.811247, 10.0367441], [76.8098224, 10.0368998], [76.8097994, 10.0369023], [76.8085297, 10.037778], [76.808405, 10.037864], [76.8071815, 10.0403111], [76.8052412, 10.0414876], [76.8039611, 10.0413801], [76.8027752, 10.0412805], [76.8006437, 10.0410735], [76.7987129, 10.0416382], [76.7982212, 10.0418816], [76.7974239, 10.0422763], [76.7969638, 10.0425041], [76.7946029, 10.0444335], [76.7920795, 10.0457982], [76.7895274, 10.0471252], [76.7878708, 10.04879], [76.7876731, 10.0489887], [76.7872081, 10.0495012], [76.7869693, 10.0496141], [76.7857137, 10.0507299], [76.7854785, 10.0510294], [76.7850657, 10.0515553], [76.7850085, 10.0516281], [76.7845093, 10.052264], [76.7841593, 10.0533592], [76.7832389, 10.0550371]]}}, {"type": "Feature", "properties": {"id": "OSM-158897355-0", "upstream_node": "osm:7814393051", "downstream_node": "osm:8867688900", "name": "Sholayar", "osm_way_id": 158897355, "source": "OpenStreetMap", "source_url": "https://www.openstreetmap.org/way/158897355", "mainstem": false, "demo": false}, "geometry": {"type": "LineString", "coordinates": [[76.9303572, 10.3500617], [76.9301372, 10.3498347], [76.9299066, 10.3495445], [76.9297618, 10.3491699], [76.9295847, 10.3487529], [76.9292039, 10.3484574], [76.9290054, 10.3481355], [76.9289249, 10.3478189], [76.9287694, 10.3473545], [76.9287091, 10.3470832], [76.9284249, 10.3468324], [76.9279846, 10.3466055], [76.9276306, 10.3463165], [76.9274765, 10.3461461], [76.9272834, 10.3458875], [76.9269669, 10.3454125], [76.9267308, 10.3448848], [76.9264358, 10.3445101], [76.9260657, 10.3442515], [76.9256419, 10.3439244], [76.9253146, 10.3436077], [76.9250035, 10.343291], [76.9247031, 10.3429638], [76.9241881, 10.3422989], [76.9238019, 10.3418979], [76.9231367, 10.3410957], [76.9225788, 10.3406313], [76.9218278, 10.3395547], [76.921184, 10.3389848], [76.9209909, 10.3385415], [76.9209695, 10.3380771], [76.9209695, 10.3372538], [76.9205618, 10.3366417], [76.920146, 10.3356284], [76.9200495, 10.3354278], [76.9198805, 10.3353381], [76.9197464, 10.3353091], [76.919615, 10.3353117], [76.9194433, 10.335354], [76.9194031, 10.3353038], [76.9193897, 10.3351904], [76.9193521, 10.3350215], [76.9192824, 10.3347339], [76.9192529, 10.3345967], [76.9191724, 10.3345492], [76.9191, 10.3345043], [76.9189069, 10.3342378], [76.9187593, 10.3339871], [76.9185662, 10.3339027], [76.9178581, 10.3336863], [76.9164634, 10.3335597], [76.9156694, 10.3330953], [76.9146823, 10.3311321], [76.9106108, 10.3282136], [76.9093555, 10.3270578], [76.9073975, 10.3255907], [76.9063568, 10.324894], [76.9057935, 10.3246196], [76.9048655, 10.3240813], [76.9042325, 10.3235746], [76.9035995, 10.3230047], [76.9030255, 10.3221708], [76.9024783, 10.3212789], [76.902355, 10.3211681], [76.9021511, 10.3210308], [76.9019902, 10.3208619], [76.901738, 10.3205717], [76.9014269, 10.3203342], [76.9012552, 10.3202339], [76.9011694, 10.3200861], [76.9010031, 10.3197273], [76.9004452, 10.3191889], [76.8998229, 10.3185503], [76.8995011, 10.3177798], [76.8992972, 10.3170937], [76.8991685, 10.3166609], [76.8988788, 10.3163126], [76.8985355, 10.3160276], [76.8979883, 10.3158587], [76.8970549, 10.3155315], [76.8964541, 10.3149721], [76.8953168, 10.3137371], [76.8930101, 10.311341], [76.8916154, 10.3096099], [76.8907356, 10.3083326], [76.8885684, 10.3052082], [76.8852639, 10.3009225], [76.8838048, 10.2994024], [76.8828821, 10.2988324], [76.8817987, 10.2981697], [76.8807203, 10.2980697], [76.8804841, 10.2980807]]}}, {"type": "Feature", "properties": {"id": "OSM-164803726-0", "upstream_node": "osm:1165382321", "downstream_node": "osm:1764116833", "name": "Chalakudy River", "osm_way_id": 164803726, "source": "OpenStreetMap", "source_url": "https://www.openstreetmap.org/way/164803726", "mainstem": false, "demo": false}, "geometry": {"type": "LineString", "coordinates": [[76.3551146, 10.3123939], [76.3541336, 10.3129659], [76.3534945, 10.3131354], [76.3525128, 10.3130879], [76.351676, 10.3129085], [76.3512146, 10.3125865], [76.3508874, 10.3121274], [76.3505018, 10.3108307], [76.349574, 10.3060921], [76.3486646, 10.304165], [76.3473856, 10.3024676], [76.3462053, 10.3014571], [76.3453425, 10.3001379], [76.3452492, 10.2987384], [76.3455174, 10.2970865], [76.3470708, 10.2939363], [76.3477404, 10.2925783], [76.3475354, 10.2899539], [76.3465878, 10.2883058], [76.3453593, 10.2876162], [76.3440947, 10.2876189], [76.3414354, 10.290628], [76.339665, 10.2926518], [76.3373955, 10.2942719], [76.3360454, 10.2949293], [76.3350365, 10.2948635], [76.3332248, 10.2945691], [76.3312303, 10.2931137], [76.3287974, 10.2880396], [76.327485, 10.2874703], [76.3250468, 10.2874102], [76.3227427, 10.286709], [76.3193042, 10.2836077], [76.3173373, 10.2824786], [76.315208, 10.2816335], [76.3110479, 10.2805922], [76.3071223, 10.2790005], [76.3064711, 10.2782663], [76.3059643, 10.2774079], [76.305718, 10.2768048], [76.3051943, 10.2755223], [76.3041355, 10.2739563], [76.3028422, 10.2726388], [76.3002798, 10.2698421], [76.2987459, 10.2666193], [76.2987531, 10.2656109], [76.2989272, 10.2649721], [76.2995983, 10.2645229], [76.300504, 10.2647485], [76.3020087, 10.265235], [76.3035314, 10.2651534], [76.3050361, 10.2645924], [76.3067537, 10.2635375], [76.3083631, 10.2621985], [76.3093486, 10.2614576], [76.3116179, 10.2597514], [76.3182329, 10.2563495], [76.3214241, 10.2536673], [76.3235516, 10.2498401], [76.3251471, 10.2455222], [76.326558, 10.2435425], [76.3288702, 10.2418585], [76.3307842, 10.2406986], [76.3320659, 10.2394478], [76.3329917, 10.2383131], [76.3340775, 10.2367559], [76.3351295, 10.2350166], [76.3357019, 10.2339647], [76.3357903, 10.2335877], [76.3359039, 10.2331033], [76.3359291, 10.2324241], [76.335744, 10.2318858], [76.3351716, 10.2313474], [76.3346161, 10.2301961], [76.3337745, 10.2279929], [76.3317919, 10.2252333], [76.3303946, 10.2233081], [76.3301271, 10.222873], [76.3299629, 10.2223533], [76.3299447, 10.2218066], [76.3300001, 10.2213345], [76.3304275, 10.2201373], [76.3315124, 10.2175003], [76.3316973, 10.2170478], [76.3321535, 10.2159311], [76.3325973, 10.2142971], [76.332696, 10.2129543], [76.3326192, 10.2119298], [76.3322193, 10.210657], [76.3318531, 10.2098502], [76.3314466, 10.2092818], [76.3310376, 10.2088758], [76.3305092, 10.2086267], [76.329885, 10.2085215], [76.3280932, 10.2085376], [76.3273452, 10.2084112], [76.3265973, 10.2081655], [76.3256483, 10.2077677], [76.3247397, 10.207211], [76.3237296, 10.2063111], [76.3230137, 10.2053505], [76.3226849, 10.204493], [76.3226458, 10.2039896], [76.3227178, 10.2035061], [76.3228186, 10.2032074], [76.3229698, 10.2029683], [76.3234312, 10.2027814], [76.3239835, 10.2028428], [76.3257295, 10.2032307], [76.3263802, 10.2032112], [76.3269527, 10.2031296], [76.3275302, 10.2029536], [76.3282584, 10.2026723], [76.3287343, 10.2023413], [76.3289409, 10.2021365], [76.3290466, 10.2018721], [76.3291451, 10.2014722], [76.3291124, 10.2012411], [76.3282576, 10.2000924], [76.3272055, 10.1990894], [76.3262685, 10.1975685], [76.3260512, 10.1970756], [76.3260055, 10.1965331], [76.3260208, 10.1960553], [76.326137, 10.1956271], [76.3269754, 10.1945269], [76.3272712, 10.1936047], [76.3271397, 10.1925854], [76.3263671, 10.1912749], [76.3257096, 10.1891392], [76.3252164, 10.1874404], [76.3245096, 10.1860328], [76.3232602, 10.1846252], [76.3208109, 10.1826189], [76.3189949, 10.1811691], [76.3180291, 10.1806433], [76.3170428, 10.1802186], [76.3160565, 10.1803804], [76.3144537, 10.1811894], [76.3114126, 10.1822411], [76.3072619, 10.1835354], [76.304755, 10.1842635], [76.3035426, 10.18485], [76.3021248, 10.1850927], [76.3007481, 10.1848905], [76.299659, 10.1839399], [76.2994741, 10.1831795], [76.2998029, 10.1825646], [76.2998029, 10.1816748], [76.2993755, 10.1807202], [76.2982741, 10.1796199], [76.2967304, 10.1783447], [76.296433, 10.178099], [76.2952165, 10.1767723], [76.2947358, 10.176436], [76.2943234, 10.1762592], [76.2938653, 10.1761499], [76.2934357, 10.1761365], [76.2929506, 10.1761755], [76.2924877, 10.1763031], [76.2913778, 10.1766666], [76.2903178, 10.1771282], [76.2891178, 10.1778887], [76.2886943, 10.1780359], [76.2883908, 10.1780995], [76.2876383, 10.1782123], [76.2868735, 10.1782184], [76.2861753, 10.1779858], [76.285563, 10.1775632], [76.2848264, 10.1768499], [76.2843444, 10.1764497], [76.2833187, 10.1757826], [76.2827396, 10.1751705], [76.280803, 10.1741538], [76.280396, 10.1740092], [76.2799148, 10.1739214], [76.2792053, 10.173957], [76.2786934, 10.1741317], [76.2779231, 10.174588], [76.2762223, 10.1753019], [76.274811, 10.1754479], [76.2743611, 10.1754619], [76.2739882, 10.1754163], [76.2737012, 10.1752308], [76.2736039, 10.1750312], [76.2734076, 10.1743498], [76.2732905, 10.1735833], [76.2733368, 10.1724684], [76.2732381, 10.1713034], [76.2731405, 10.1709944], [76.2728799, 10.1704745], [76.2724984, 10.1700737], [76.270723, 10.1686498], [76.2700518, 10.1680596], [76.2693915, 10.1672745], [76.268726, 10.1658994], [76.2685454, 10.1654225], [76.2681681, 10.1644262], [76.2679336, 10.1638665], [76.2676348, 10.1634215], [76.2673581, 10.1630956], [76.2672142, 10.1629937], [76.2665749, 10.1625412], [76.2652691, 10.1620311], [76.2638497, 10.1613848]]}}, {"type": "Feature", "properties": {"id": "OSM-164803739-0", "upstream_node": "osm:4664236090", "downstream_node": "osm:8221570669", "name": "Periyar", "osm_way_id": 164803739, "source": "OpenStreetMap", "source_url": "https://www.openstreetmap.org/way/164803739", "mainstem": true, "demo": false}, "geometry": {"type": "LineString", "coordinates": [[76.2129628, 10.1942859], [76.2071509, 10.1954911], [76.2058097, 10.195565], [76.2047446, 10.1953352], [76.2030103, 10.1948136], [76.1979115, 10.1930106], [76.1959131, 10.1929085], [76.1913375, 10.1932045], [76.1827163, 10.1907408], [76.1775956, 10.1886386], [76.1765151, 10.1881481], [76.1745562, 10.1872538]]}}, {"type": "Feature", "properties": {"id": "OSM-164803753-0", "upstream_node": "osm:560853673", "downstream_node": "osm:1764116793", "name": "Periyar", "osm_way_id": 164803753, "source": "OpenStreetMap", "source_url": "https://www.openstreetmap.org/way/164803753", "mainstem": true, "demo": false}, "geometry": {"type": "LineString", "coordinates": [[76.5142118, 10.1932018], [76.5123035, 10.1896155], [76.5101897, 10.1857146], [76.5101794, 10.1856955], [76.5082767, 10.1846018], [76.5049654, 10.1826985], [76.5046477, 10.1825159], [76.5024376, 10.1817449], [76.5002224, 10.1816013], [76.4964609, 10.1835613], [76.491416, 10.1850422], [76.4859729, 10.1837355], [76.4783589, 10.1837694], [76.4761929, 10.1837791], [76.4689354, 10.1812964], [76.4632709, 10.175634], [76.4608813, 10.1715831], [76.4582877, 10.1702166], [76.4533582, 10.1676194], [76.4425605, 10.16133], [76.4418774, 10.1609321], [76.4403831, 10.1601954], [76.4370167, 10.1577341], [76.4321422, 10.1554181], [76.4298034, 10.1524294], [76.429727, 10.1507183], [76.4298155, 10.1464929], [76.4322494, 10.144402], [76.4385776, 10.1466236], [76.4418966, 10.1469721], [76.4486674, 10.145099], [76.4500835, 10.143008], [76.4491984, 10.1396537], [76.4499065, 10.1380855], [76.4556151, 10.1348183], [76.4574295, 10.1320303], [76.4541009, 10.1239869], [76.4517839, 10.1213083]]}}, {"type": "Feature", "properties": {"id": "OSM-164803758-0", "upstream_node": "osm:1764116793", "downstream_node": "osm:1764116785", "name": "Periyar", "osm_way_id": 164803758, "source": "OpenStreetMap", "source_url": "https://www.openstreetmap.org/way/164803758", "mainstem": true, "demo": false}, "geometry": {"type": "LineString", "coordinates": [[76.4517839, 10.1213083], [76.4466663, 10.1197176], [76.4434438, 10.1200106], [76.4386565, 10.1223751], [76.4362668, 10.1227236], [76.4285668, 10.1198048], [76.4222747, 10.1161783], [76.4133879, 10.1150562], [76.4082988, 10.1190642], [76.3997137, 10.1228978], [76.3894027, 10.1235949], [76.3846184, 10.1222825], [76.379479, 10.1200287], [76.3765347, 10.1173865], [76.3741951, 10.1141311], [76.3709581, 10.1121486], [76.3682132, 10.1121248], [76.3673424, 10.1120848], [76.364109, 10.1120311], [76.3636839, 10.112024], [76.357514, 10.115504]]}}, {"type": "Feature", "properties": {"id": "OSM-164803758-20", "upstream_node": "osm:1764116785", "downstream_node": "osm:1764116833", "name": "Periyar", "osm_way_id": 164803758, "source": "OpenStreetMap", "source_url": "https://www.openstreetmap.org/way/164803758", "mainstem": true, "demo": false}, "geometry": {"type": "LineString", "coordinates": [[76.357514, 10.115504], [76.3551414, 10.1196362], [76.3530438, 10.1227166], [76.3506463, 10.1243826], [76.3486888, 10.1254825], [76.3463204, 10.125547], [76.3435609, 10.1253701], [76.3415798, 10.1256262], [76.3396653, 10.1275373], [76.3380825, 10.1316344], [76.3377607, 10.1342114], [76.3379967, 10.1379079], [76.3374388, 10.1419106], [76.3365897, 10.143698], [76.3357329, 10.1455014], [76.3337159, 10.1476769], [76.329596, 10.1506762], [76.3286355, 10.1511679], [76.3274503, 10.1517746], [76.3251328, 10.1520808], [76.3206959, 10.1512721], [76.320498, 10.151236], [76.3158953, 10.1499053], [76.3082242, 10.1465575], [76.3061642, 10.1452268], [76.3005209, 10.1391435], [76.2967658, 10.1371791], [76.2933326, 10.1371791], [76.2907362, 10.1386788], [76.2834373, 10.1434486], [76.275351, 10.148733], [76.2719336, 10.1508075], [76.2714886, 10.1510776], [76.2693183, 10.1535829], [76.2660723, 10.1582139], [76.2638497, 10.1613848]]}}, {"type": "Feature", "properties": {"id": "OSM-180080802-0", "upstream_node": "osm:5844838815", "downstream_node": "osm:1905138178", "name": "Cheruthony River", "osm_way_id": 180080802, "source": "OpenStreetMap", "source_url": "https://www.openstreetmap.org/way/180080802", "mainstem": false, "demo": false}, "geometry": {"type": "LineString", "coordinates": [[76.967316, 9.8459694], [76.9671881, 9.846099], [76.967067, 9.8462182], [76.9668812, 9.8464217], [76.9666952, 9.8466494], [76.9666043, 9.8467703], [76.9665142, 9.8469046], [76.9664235, 9.8470481], [76.9663617, 9.8471848], [76.9663095, 9.847333], [76.9661184, 9.8485235], [76.966103, 9.8490349], [76.9661915, 9.8494498], [76.9663311, 9.8499262], [76.9667843, 9.8502823], [76.9672269, 9.8506311], [76.9673878, 9.8508134], [76.9674253, 9.8510196], [76.9676032, 9.8510736], [76.9678518, 9.8510803], [76.9680235, 9.8512944], [76.9683695, 9.851371], [76.9686457, 9.8515904], [76.968812, 9.8520079], [76.9688469, 9.8524106], [76.9687369, 9.8527796], [76.9683637, 9.8531108], [76.96713, 9.8539835], [76.9664678, 9.8544392], [76.9659045, 9.8549571], [76.9652259, 9.8558028], [76.9647032, 9.8563241], [76.9643625, 9.8566195], [76.9640957, 9.8568578], [76.9637009, 9.8571389], [76.9634598, 9.857344], [76.9633338, 9.8574704], [76.9630587, 9.8577464], [76.9626964, 9.8581562], [76.9626746, 9.8584396], [76.962789, 9.858723], [76.9630559, 9.8589778], [76.9633483, 9.8590899], [76.9640429, 9.8590912], [76.9649674, 9.8589498], [76.9656785, 9.8587561], [76.966181, 9.8582435], [76.9668617, 9.8578818], [76.9675125, 9.8577551], [76.9681556, 9.8572111], [76.9691776, 9.8568007], [76.970421, 9.8565078], [76.9709336, 9.8566237]]}}, {"type": "Feature", "properties": {"id": "OSM-203615181-0", "upstream_node": "osm:1745142193", "downstream_node": "osm:7714170274", "name": "Periyar", "osm_way_id": 203615181, "source": "OpenStreetMap", "source_url": "https://www.openstreetmap.org/way/203615181", "mainstem": true, "demo": false}, "geometry": {"type": "LineString", "coordinates": [[77.0316773, 9.714517], [77.0313585, 9.7153175], [77.030822, 9.7157934], [77.0274106, 9.7170743], [77.0269167, 9.7180353], [77.0261505, 9.7199097], [77.0254107, 9.720526], [77.0237117, 9.7219413], [77.0214995, 9.7237842], [77.0212878, 9.7239606], [77.0203515, 9.7247405], [77.0200794, 9.7249672], [77.0168209, 9.726622], [77.0149056, 9.7271633], [77.0140609, 9.7293311], [77.0162151, 9.7326], [77.016643, 9.7332494], [77.0160172, 9.7357812], [77.0145512, 9.7384302], [77.0145022, 9.7391268], [77.0144524, 9.7398354], [77.0141823, 9.7436763], [77.012557, 9.7493924], [77.0125744, 9.7494367], [77.0130198, 9.750568], [77.0140785, 9.753257], [77.0141907, 9.7542983], [77.0145831, 9.7579414], [77.014201, 9.7636703], [77.0142498, 9.763917], [77.0147395, 9.7663907], [77.0183107, 9.7695932], [77.0201746, 9.7712646], [77.0214016, 9.7720815], [77.0258289, 9.7750291], [77.0276179, 9.7762202], [77.0293902, 9.7790284], [77.033409, 9.7853961], [77.032485, 9.7891649], [77.031582, 9.79078], [77.0306659, 9.7924184], [77.0287543, 9.7938582], [77.0273583, 9.7949097], [77.0166335, 9.8029875], [77.0064082, 9.8106889], [77.0046607, 9.8120051], [77.0037531, 9.8126942], [77.0014995, 9.8144052], [76.999574, 9.8158672], [76.9977453, 9.8172557], [76.9944272, 9.819775], [76.9920183, 9.821604], [76.9907095, 9.8225977], [76.9881612, 9.8265898], [76.9871117, 9.828234], [76.9856643, 9.8305013], [76.9825436, 9.832279], [76.9782229, 9.8347402], [76.9746701, 9.8392696], [76.9743819, 9.8398004], [76.9739672, 9.8405454], [76.9738534, 9.8412744], [76.9738372, 9.8418753], [76.9741055, 9.8423399], [76.9745283, 9.8428847], [76.9750974, 9.8433333], [76.9757398, 9.8436378], [76.9760894, 9.8437259], [76.9762422, 9.8437581], [76.9762879, 9.8437677]]}}, {"type": "Feature", "properties": {"id": "OSM-204216861-0", "upstream_node": "osm:1764116785", "downstream_node": "osm:5801378988", "name": "Periyar River", "osm_way_id": 204216861, "source": "OpenStreetMap", "source_url": "https://www.openstreetmap.org/way/204216861", "mainstem": true, "demo": false}, "geometry": {"type": "LineString", "coordinates": [[76.357514, 10.115504], [76.3543316, 10.1151314], [76.3526225, 10.1152961], [76.3497016, 10.1143661], [76.3482961, 10.1129508], [76.3470188, 10.1115783], [76.3466134, 10.110839], [76.3464395, 10.110522], [76.3463805, 10.1101101], [76.3466755, 10.1092757], [76.347448, 10.1080927], [76.34764, 10.106614], [76.347125, 10.105093], [76.3468909, 10.1044056], [76.3465369, 10.1038722], [76.3462667, 10.1031918], [76.3463097, 10.101713], [76.3458376, 10.0998118], [76.3451509, 10.0988822], [76.3439493, 10.0980372], [76.3435202, 10.0970655], [76.3433485, 10.0960937], [76.3441639, 10.0945727], [76.344264, 10.0942153], [76.3445072, 10.0933474], [76.3439064, 10.0926291], [76.3429193, 10.0919953], [76.3419752, 10.0919953], [76.3409881, 10.0922489], [76.3406244, 10.0930939], [76.3401309, 10.0934953], [76.3391868, 10.0937065], [76.3380066, 10.0937276], [76.3372556, 10.0933896], [76.3366333, 10.0927347], [76.3359038, 10.0918263], [76.3353673, 10.0905799], [76.3350025, 10.0894603], [76.3343406, 10.0883968], [76.3340294, 10.0878969], [76.3332355, 10.0855942], [76.333026, 10.084635], [76.3328063, 10.0836295], [76.3325898, 10.0833014], [76.3321626, 10.082552], [76.3309395, 10.081707], [76.3287938, 10.0818337], [76.3260472, 10.0821084], [76.3225067, 10.0825943], [76.3201249, 10.0826577], [76.3178718, 10.0820661], [76.3169277, 10.0806718], [76.3147175, 10.0778831], [76.3121641, 10.0766789], [76.3090527, 10.0762563], [76.3050616, 10.0762563], [76.302315, 10.0767423], [76.3007271, 10.078369], [76.2994158, 10.0812942], [76.2983239, 10.0861012], [76.2963051, 10.0914121], [76.2956417, 10.0931573], [76.2949131, 10.09406], [76.2943971, 10.0946994], [76.2933759, 10.0955568], [76.2927395, 10.0960039], [76.2912002, 10.0962856], [76.2883729, 10.0961993], [76.2856965, 10.095794], [76.2838614, 10.0945304], [76.2833035, 10.093284], [76.2832153, 10.0924315], [76.2830675, 10.0910024], [76.2832391, 10.0886786], [76.2836683, 10.0863336], [76.2846339, 10.0854463], [76.2852561, 10.0830379], [76.2851274, 10.0802281], [76.2844407, 10.0776718], [76.2822735, 10.0748831], [76.2814222, 10.0734131], [76.2813077, 10.0732154], [76.2807723, 10.072291], [76.2806213, 10.0716718], [76.2809861, 10.0664534], [76.2798323, 10.0609815], [76.2794197, 10.0582981], [76.2794069, 10.0581995], [76.2789261, 10.0544951], [76.2789476, 10.0527415], [76.2799346, 10.0507554], [76.2798273, 10.0485792], [76.2795315, 10.0480443], [76.2787759, 10.0466776], [76.2778725, 10.0462067], [76.2773168, 10.045917], [76.2748706, 10.0460437], [76.2719095, 10.0475439], [76.2703431, 10.0473748], [76.2680685, 10.0461916], [76.267742, 10.0454308], [76.2674248, 10.0446915], [76.2674677, 10.0428744], [76.26809, 10.0400854], [76.2683299, 10.0394677], [76.2692058, 10.0372118], [76.2690556, 10.0347186], [76.2688839, 10.0330493], [76.2686039, 10.0328287], [76.2673819, 10.0318661], [76.265558, 10.0310632], [76.2635195, 10.0309786], [76.2615669, 10.0309786], [76.2592709, 10.0289079], [76.2581551, 10.0268583], [76.2578118, 10.0243439], [76.2582195, 10.0225478], [76.2591422, 10.0209208], [76.2603652, 10.0200333], [76.2633693, 10.0145182], [76.2654501, 10.0010974], [76.269055, 9.9877419], [76.2702034, 9.9833482], [76.2589981, 9.9757392], [76.2587768, 9.9754347]]}}, {"type": "Feature", "properties": {"id": "OSM-285634791-0", "upstream_node": "osm:10804807221", "downstream_node": "osm:4723547568", "name": "Muthirapuzha", "osm_way_id": 285634791, "source": "OpenStreetMap", "source_url": "https://www.openstreetmap.org/way/285634791", "mainstem": false, "demo": false}, "geometry": {"type": "LineString", "coordinates": [[76.9940928, 9.9648579], [76.9925274, 9.9614554], [76.9908997, 9.9595479], [76.9904994, 9.9590789], [76.9874744, 9.9549984], [76.9857944, 9.9527532], [76.985561, 9.9524057], [76.9854761, 9.9522793], [76.9850216, 9.9518456], [76.9842605, 9.9514617], [76.9833324, 9.9512535]]}}, {"type": "Feature", "properties": {"id": "OSM-285660504-0", "upstream_node": "osm:4723547568", "downstream_node": "osm:560843732", "name": "Periyar", "osm_way_id": 285660504, "source": "OpenStreetMap", "source_url": "https://www.openstreetmap.org/way/285660504", "mainstem": true, "demo": false}, "geometry": {"type": "LineString", "coordinates": [[76.9833324, 9.9512535], [76.9818496, 9.9519267], [76.9804586, 9.9523065], [76.9777013, 9.9534267], [76.9751907, 9.95442], [76.9736372, 9.9547862], [76.9706953, 9.9556881], [76.968968, 9.9565757], [76.9654811, 9.9571675], [76.9623912, 9.958108], [76.9570962, 9.9623295], [76.9570552, 9.9623596], [76.9561289, 9.9630601], [76.9552907, 9.9635837], [76.9531605, 9.9647936], [76.952703, 9.96489], [76.9526115, 9.9649093], [76.9512647, 9.965193]]}}, {"type": "Feature", "properties": {"id": "OSM-330709549-0", "upstream_node": "osm:8000940460", "downstream_node": "osm:7473795531", "name": "Anakayam", "osm_way_id": 330709549, "source": "OpenStreetMap", "source_url": "https://www.openstreetmap.org/way/330709549", "mainstem": false, "demo": false}, "geometry": {"type": "LineString", "coordinates": [[76.7678475, 10.296489], [76.7674613, 10.2965734], [76.7666888, 10.2968056], [76.766324, 10.2969534], [76.7660022, 10.2971646], [76.7652941, 10.2975657], [76.7648864, 10.2976924], [76.7637706, 10.2979246], [76.763041, 10.2983046], [76.7626977, 10.2985368], [76.7624187, 10.2988113], [76.7620539, 10.2989802], [76.7616677, 10.2990857], [76.7613029, 10.2991491], [76.7608952, 10.2991913], [76.7592859, 10.2991913], [76.7588782, 10.2992124], [76.7585134, 10.2992969], [76.7577195, 10.2995713], [76.7573118, 10.2996558], [76.7565179, 10.2996558], [76.7561102, 10.2996135], [76.7553162, 10.2994869], [76.7540931, 10.2994235], [76.7532563, 10.2990435], [76.7528701, 10.2989802], [76.7524624, 10.2988535], [76.7513037, 10.2984313], [76.7508745, 10.2984313], [76.7504668, 10.2984946], [76.7500591, 10.2986213], [76.7496514, 10.2986846], [76.7492223, 10.2986846], [76.748836, 10.2986635], [76.7484498, 10.2985791], [76.7477417, 10.2982835], [76.747334, 10.2983257], [76.7463577, 10.2987057], [76.7453706, 10.2989802], [76.7448664, 10.2992969], [76.7446947, 10.2993707], [76.743933, 10.2996135], [76.7437559, 10.2997983], [76.7435843, 10.2998933], [76.7433697, 10.2999408], [76.7428011, 10.3003894], [76.7424738, 10.3008961], [76.7423451, 10.3010491], [76.7422593, 10.3011019], [76.7421627, 10.3011389], [76.7418677, 10.3011705], [76.7416477, 10.3012603], [76.7414385, 10.3014503], [76.7409879, 10.3018989], [76.7405641, 10.3021997], [76.7401725, 10.3023633], [76.7398506, 10.3024425], [76.7393357, 10.3026642], [76.7391318, 10.3026747], [76.7388099, 10.3027328], [76.7383379, 10.3027328], [76.7377961, 10.3025217], [76.7376834, 10.3025217], [76.7375869, 10.3025375], [76.7374045, 10.302622], [76.7371416, 10.3027856], [76.737045, 10.3028172], [76.7366159, 10.3028225], [76.7362887, 10.3028647], [76.7356288, 10.3031286], [76.7355537, 10.3031867], [76.7353606, 10.30325], [76.7352587, 10.30325], [76.7350763, 10.3031656], [76.7350012, 10.303097], [76.7346418, 10.3028436], [76.7344487, 10.3028647], [76.7343682, 10.3029122], [76.7340517, 10.3030125], [76.7337835, 10.3030548], [76.7335957, 10.3030548], [76.7333704, 10.3031603], [76.7333007, 10.3032289], [76.7332148, 10.3032923], [76.7331183, 10.3033292], [76.7330164, 10.3033186], [76.7329198, 10.3032817], [76.7328232, 10.30325], [76.7326301, 10.3031603], [76.7324477, 10.3030917], [76.7322439, 10.3031075], [76.7316592, 10.30325], [76.7315519, 10.30325], [76.7312676, 10.3031814], [76.7310744, 10.3031603], [76.7306209, 10.3033239], [76.7302621, 10.3031961], [76.7300801, 10.3029908], [76.7299739, 10.3027445], [76.7296476, 10.3026102], [76.7292342, 10.3026139], [76.7287487, 10.3025878], [76.7282783, 10.302599], [76.7280962, 10.302446], [76.7278345, 10.3024124], [76.7276069, 10.3025355], [76.7273164, 10.3028886], [76.7270965, 10.3031683], [76.7267156, 10.3033531], [76.7262114, 10.3033161], [76.7256642, 10.303295], [76.7252994, 10.3035378], [76.7251814, 10.303902], [76.7248756, 10.3041131], [76.7237115, 10.30415], [76.7232985, 10.304055], [76.7232502, 10.30377], [76.7230625, 10.303675], [76.7221773, 10.3036328], [76.7215229, 10.3035536], [76.7209972, 10.3034111], [76.7204714, 10.3033531], [76.7201549, 10.3031539], [76.7195091, 10.303116], [76.7172346, 10.3030844], [76.7156145, 10.3029049], [76.7144236, 10.3024932], [76.712986, 10.3019865], [76.711956, 10.3011843], [76.7107912, 10.3010434], [76.7093143, 10.3013916], [76.708145, 10.3013008], [76.707822, 10.300438], [76.7060835, 10.2989849], [76.7056256, 10.2995218], [76.7035335, 10.299279], [76.7028468, 10.2993951], [76.7027037, 10.2993651], [76.7012375, 10.2990573], [76.7004436, 10.2974212], [76.6988235, 10.2960278], [76.6973537, 10.2966506], [76.6951975, 10.2972258], [76.6933919, 10.2975742], [76.6926194, 10.2980587], [76.6921945, 10.2981347], [76.6921173, 10.2978544], [76.6924456, 10.2972321], [76.69204, 10.2966146], [76.6920548, 10.295592], [76.6909537, 10.2958783], [76.6906953, 10.2962891], [76.6895142, 10.296362], [76.6885897, 10.2961069], [76.6874916, 10.2957443], [76.6848701, 10.2957848], [76.6839381, 10.2959512], [76.6828063, 10.2963497], [76.6820391, 10.2963787], [76.6816154, 10.2965898], [76.6812157, 10.2972944], [76.6804513, 10.2977589], [76.6799846, 10.297553], [76.6794347, 10.2979489], [76.6788795, 10.2974686], [76.6776913, 10.2978328], [76.6774691, 10.2980052]]}}, {"type": "Feature", "properties": {"id": "OSM-472212404-0", "upstream_node": "osm:1484577835", "downstream_node": "osm:4664236090", "name": "Pullut Puzha", "osm_way_id": 472212404, "source": "OpenStreetMap", "source_url": "https://www.openstreetmap.org/way/472212404", "mainstem": false, "demo": false}, "geometry": {"type": "LineString", "coordinates": [[76.1768598, 10.2832667], [76.1778586, 10.2804013], [76.1782064, 10.2790523], [76.1785528, 10.2777083], [76.1786097, 10.2774877], [76.1789637, 10.2742257], [76.178717, 10.2715653], [76.1783093, 10.2712909], [76.1791783, 10.26881], [76.1803799, 10.2670258], [76.182118, 10.2661496], [76.1835449, 10.2656323], [76.1848217, 10.2655901], [76.185017, 10.2653667], [76.1852186, 10.2651361], [76.1866027, 10.2631831], [76.1875839, 10.2625229], [76.1876541, 10.2624757], [76.1916774, 10.2624229], [76.1927005, 10.2618613], [76.1958959, 10.26081], [76.1980994, 10.2600215], [76.198771, 10.2595689], [76.2003798, 10.2576213], [76.2007754, 10.256268], [76.2010007, 10.2523723], [76.1999811, 10.2504642], [76.2002349, 10.2478887], [76.2005909, 10.2464978], [76.2007513, 10.2451406], [76.2014075, 10.2394325], [76.2029954, 10.2362635], [76.204494, 10.2339088], [76.2067011, 10.2299519], [76.2072936, 10.2281111], [76.2097877, 10.2225881], [76.2099515, 10.2223023], [76.2125342, 10.2177945], [76.2143581, 10.214099], [76.2172009, 10.2133213], [76.2179402, 10.2122213], [76.218405, 10.2115297], [76.2188213, 10.2109102], [76.2205165, 10.2078587], [76.2223561, 10.2055707], [76.2225926, 10.2052062], [76.2227425, 10.2048416], [76.222673, 10.2043002], [76.2223977, 10.2036786], [76.2218211, 10.2031065], [76.2209098, 10.2027096], [76.2196539, 10.2024382], [76.2187733, 10.2022966], [76.2169599, 10.20203], [76.2145351, 10.2008981], [76.2141747, 10.2003436], [76.2135481, 10.1993797], [76.2134395, 10.1984634], [76.2133184, 10.1974417], [76.2129628, 10.1942859]]}}, {"type": "Feature", "properties": {"id": "OSM-479209188-0", "upstream_node": "osm:560853659", "downstream_node": "osm:560853673", "name": "Periyar", "osm_way_id": 479209188, "source": "OpenStreetMap", "source_url": "https://www.openstreetmap.org/way/479209188", "mainstem": true, "demo": false}, "geometry": {"type": "LineString", "coordinates": [[76.5256917, 10.1953137], [76.5248366, 10.1951665], [76.5213358, 10.194564], [76.5186214, 10.1942366], [76.5171774, 10.1935709], [76.5152479, 10.1933308], [76.5142118, 10.1932018]]}}, {"type": "Feature", "properties": {"id": "OSM-588828636-0", "upstream_node": "osm:8000940457", "downstream_node": "osm:3377022281", "name": "Sholayar", "osm_way_id": 588828636, "source": "OpenStreetMap", "source_url": "https://www.openstreetmap.org/way/588828636", "mainstem": false, "demo": false}, "geometry": {"type": "LineString", "coordinates": [[76.7390064, 10.3163717], [76.7387083, 10.3164424], [76.7363823, 10.3169941], [76.7338312, 10.3179431], [76.732314, 10.3184882], [76.7298774, 10.3193988], [76.7268364, 10.3195846], [76.7258731, 10.3179122], [76.7239465, 10.3179865], [76.7215854, 10.3179307], [76.7205277, 10.317652], [76.7178251, 10.3181078], [76.7147478, 10.3190085], [76.7137742, 10.3194317], [76.7128569, 10.3199331], [76.7123365, 10.3202972], [76.7113668, 10.320761], [76.7107594, 10.3210467], [76.7093754, 10.3217116], [76.7083615, 10.3221075], [76.7073798, 10.3225297], [76.7069614, 10.3226511], [76.7066932, 10.3228384], [76.7066355, 10.3229131], [76.7065644, 10.3230997], [76.7065966, 10.3234744], [76.7069989, 10.3241235], [76.7073744, 10.3249732], [76.7076742, 10.325902], [76.7077929, 10.3263981], [76.7077768, 10.3266884], [76.7075515, 10.3269312], [76.7070848, 10.3274747], [76.7069346, 10.3279233], [76.7069936, 10.3282453], [76.7076051, 10.3289999], [76.7078948, 10.3307784], [76.7080663, 10.3333848], [76.7075361, 10.33488], [76.7037366, 10.3361144], [76.7032574, 10.3365963], [76.7029413, 10.3369141], [76.7031888, 10.3385657], [76.7037543, 10.3400261], [76.7045495, 10.3414691], [76.7040302, 10.3431614], [76.703984, 10.3433119], [76.7042309, 10.3451333], [76.7039326, 10.345414], [76.7030297, 10.3453286], [76.7026571, 10.3456592], [76.702498, 10.3458004], [76.7010396, 10.3470944], [76.700799, 10.3473079], [76.6994245, 10.3485274], [76.6993185, 10.3504745], [76.6989917, 10.3508188], [76.6981674, 10.3516869], [76.6965044, 10.3517555], [76.6935893, 10.3528482], [76.6913081, 10.3531858], [76.6912179, 10.3532409], [76.6886732, 10.3547949], [76.6883964, 10.354964], [76.6872883, 10.3556408], [76.6870484, 10.3557873], [76.6861187, 10.3570804], [76.6843796, 10.3594991], [76.6834226, 10.3604597], [76.6827249, 10.3615478], [76.6817794, 10.3631153], [76.681839, 10.3635056], [76.6820606, 10.3638561], [76.682925, 10.3641678], [76.6837407, 10.3648463], [76.6839638, 10.364934], [76.6846607, 10.3651651], [76.6851226, 10.3654679], [76.6840808, 10.3680997], [76.6838086, 10.3684383], [76.6833094, 10.3686812], [76.6826191, 10.3684338], [76.681125, 10.3676518], [76.6805438, 10.3678182], [76.6799892, 10.3681603], [76.6797694, 10.3682959], [76.6769945, 10.3700076], [76.6759392, 10.3706585], [76.6747959, 10.3713637], [76.6734916, 10.3721682], [76.672715, 10.3726473], [76.6722432, 10.3729705], [76.6712876, 10.3736251], [76.6704539, 10.3741962], [76.6689196, 10.376043], [76.6690609, 10.377572], [76.6687129, 10.3785738], [76.6685159, 10.3791408], [76.6665576, 10.3803719], [76.6658441, 10.381199], [76.6625032, 10.3851342], [76.6621102, 10.3857584], [76.6615366, 10.3862317]]}}, {"type": "Feature", "properties": {"id": "OSM-588833032-0", "upstream_node": "osm:8813905147", "downstream_node": "osm:8000940457", "name": "Sholayar", "osm_way_id": 588833032, "source": "OpenStreetMap", "source_url": "https://www.openstreetmap.org/way/588833032", "mainstem": false, "demo": false}, "geometry": {"type": "LineString", "coordinates": [[76.8544489, 10.2925574], [76.8537292, 10.2925991], [76.8534081, 10.2921862], [76.8530699, 10.2912862], [76.8525444, 10.291023], [76.8523889, 10.2909451], [76.8518641, 10.2906823], [76.8510156, 10.2907062], [76.8507866, 10.2882001], [76.8521694, 10.2867346], [76.8522936, 10.2866029], [76.851925, 10.2849223], [76.8511393, 10.2848673], [76.8505934, 10.285568], [76.8500921, 10.2856284], [76.8496043, 10.2855627], [76.8491164, 10.2850325], [76.8482492, 10.2850958], [76.8483088, 10.2862831], [76.8488704, 10.2868263], [76.8484877, 10.2874512], [76.847467, 10.2880384], [76.845505, 10.288182], [76.84478, 10.2884376], [76.8443549, 10.289346], [76.8436618, 10.2888358], [76.8432112, 10.2888027], [76.8418649, 10.2906526], [76.8420391, 10.2930067], [76.8424428, 10.2934448], [76.8431861, 10.2933941], [76.8439933, 10.2936526], [76.8447973, 10.2943514], [76.8450694, 10.2947378], [76.8449337, 10.295085], [76.8442583, 10.2959136], [76.8438774, 10.2963148], [76.8428206, 10.297402], [76.8418336, 10.2982624], [76.8411577, 10.298996], [76.8402928, 10.299837], [76.8402296, 10.2998985], [76.8391192, 10.3004422], [76.8386632, 10.3007061], [76.838454, 10.3009594], [76.8381053, 10.3014344], [76.8366408, 10.3024689], [76.8311423, 10.3052504], [76.8304878, 10.3063323], [76.829946, 10.3071346], [76.8295813, 10.3074565], [76.8290555, 10.3076623], [76.8281382, 10.3079051], [76.8277252, 10.3079473], [76.8271029, 10.3076993], [76.8263948, 10.3076254], [76.8258691, 10.3078048], [76.8255928, 10.3080158], [76.8252468, 10.3082799], [76.8248606, 10.3088815], [76.8244958, 10.3095254], [76.8240774, 10.3098843], [76.8235516, 10.3099265], [76.8231547, 10.3098949], [76.8221998, 10.3090926], [76.8216419, 10.3090082], [76.8212449, 10.3090715], [76.8202472, 10.3094621], [76.8193996, 10.3096732], [76.8174147, 10.3097893], [76.8151081, 10.3095676], [76.8130588, 10.3096521], [76.810162, 10.3101693], [76.8075228, 10.3108449], [76.8058044, 10.3113682], [76.8048191, 10.3116682], [76.8011498, 10.313146], [76.8002609, 10.3135079], [76.7986607, 10.3141593], [76.7973019, 10.3146631], [76.7969117, 10.3148078], [76.7956199, 10.3152868], [76.7943907, 10.3157426], [76.7939117, 10.3158922], [76.791687, 10.3165871], [76.7908151, 10.3165871], [76.78967, 10.3165871], [76.7885756, 10.3160171], [76.7878245, 10.3153416], [76.7872882, 10.3147715], [76.7862391, 10.3121012], [76.7861273, 10.3118165], [76.7859363, 10.3113304], [76.7844343, 10.3078682], [76.7838122, 10.3069374], [76.7834043, 10.3063271], [76.7820096, 10.3058626], [76.7813015, 10.3058415], [76.7788338, 10.3060948], [76.77186, 10.3076571], [76.7616462, 10.309346], [76.7585035, 10.3100696], [76.7535781, 10.3112038], [76.7492437, 10.3125338], [76.7455101, 10.3135893], [76.742566, 10.3148488], [76.7390064, 10.3163717]]}}, {"type": "Feature", "properties": {"id": "OSM-616577334-0", "upstream_node": "osm:10638013097", "downstream_node": "osm:4008782439", "name": "Perinjankuttyaar", "osm_way_id": 616577334, "source": "OpenStreetMap", "source_url": "https://www.openstreetmap.org/way/616577334", "mainstem": false, "demo": false}, "geometry": {"type": "LineString", "coordinates": [[77.102509, 9.8540805], [77.1023351, 9.8541009], [77.102142, 9.854233], [77.102024, 9.8544022], [77.1019274, 9.8545079], [77.1018147, 9.8545132], [77.1016699, 9.8544973], [77.1015036, 9.8545237], [77.1012729, 9.8546294], [77.1009993, 9.8547457], [77.100715, 9.8548408], [77.1002752, 9.8549571], [77.0998138, 9.8550258], [77.0994651, 9.8550945], [77.0991969, 9.855195], [77.0989501, 9.8552689], [77.0987731, 9.8552531], [77.0985317, 9.8551844], [77.098301, 9.8551844], [77.0979953, 9.8552372], [77.0977914, 9.8552954], [77.0975232, 9.8553799], [77.097395, 9.8553483], [77.0973355, 9.8552901], [77.0973086, 9.8552425], [77.0972764, 9.8551315], [77.0972657, 9.8550047], [77.0972711, 9.8548514], [77.0972872, 9.854603], [77.0972872, 9.8543969], [77.0972335, 9.8543017], [77.0971101, 9.8542383], [77.0969438, 9.8542965], [77.0968312, 9.8543916], [77.0967346, 9.8545396], [77.0967132, 9.8547034], [77.0967078, 9.854862], [77.0966649, 9.8549888], [77.0964771, 9.8551157], [77.0963269, 9.8552742], [77.0960855, 9.8555068], [77.0959032, 9.8557076], [77.09571, 9.8558979], [77.0954204, 9.8560829], [77.0952058, 9.8562679], [77.0949858, 9.8564634], [77.0948678, 9.856585], [77.0946532, 9.8568968], [77.0944226, 9.8571611], [77.0943206, 9.8572615], [77.0942026, 9.8573936], [77.0940524, 9.8576103], [77.0939881, 9.8578217], [77.0939559, 9.8580278], [77.0938969, 9.8583661], [77.0939076, 9.8587836], [77.0938271, 9.8589792], [77.0937842, 9.8593016], [77.0936018, 9.8596451], [77.0935053, 9.8598407], [77.0933926, 9.8601049], [77.0932639, 9.8603692], [77.0931673, 9.8606229], [77.0931297, 9.8608554], [77.0931244, 9.8611461], [77.0931297, 9.8615372], [77.0931083, 9.8619019], [77.0930654, 9.8621767], [77.0929849, 9.8624674], [77.0929205, 9.8627581], [77.0928186, 9.8630012], [77.0927006, 9.8631914], [77.0925611, 9.8634029], [77.0924485, 9.8636037], [77.0923895, 9.8637464], [77.0923519, 9.8639155], [77.0922714, 9.8641956], [77.0922608, 9.8642329], [77.0921481, 9.864629], [77.0920515, 9.8651787], [77.0920408, 9.8652949], [77.0919871, 9.8655328], [77.0918906, 9.8658234], [77.0918423, 9.8660877], [77.0917565, 9.8662885], [77.0916599, 9.8665792], [77.0916438, 9.8667483], [77.0916438, 9.8669386], [77.0915902, 9.867187], [77.0914775, 9.8673561], [77.09144, 9.8678212], [77.0914078, 9.8681911], [77.0914239, 9.8684765], [77.0914239, 9.8687461], [77.0913595, 9.8690526], [77.091279, 9.8694754], [77.0912093, 9.8699193], [77.0910752, 9.8702999], [77.091043, 9.8706487], [77.091043, 9.8707967], [77.0909947, 9.8709658], [77.0909893, 9.8711666], [77.0910054, 9.871452], [77.0909411, 9.8716898], [77.0909035, 9.8718854], [77.0908177, 9.8721285], [77.0907426, 9.8723135], [77.0906782, 9.8727045], [77.0906476, 9.8727949], [77.0906031, 9.8729265], [77.090528, 9.8731643], [77.0904046, 9.8735026], [77.0903778, 9.8738514], [77.0903832, 9.8739571], [77.090351, 9.8741315], [77.0902973, 9.8742953], [77.0902812, 9.8744909], [77.0902651, 9.8747023], [77.0902866, 9.8749189], [77.0903617, 9.8751356], [77.09041, 9.8752942], [77.0904744, 9.8755214], [77.0904314, 9.8758438], [77.0902759, 9.8762666], [77.0901471, 9.8765361], [77.0900291, 9.8768374], [77.0899379, 9.8770329], [77.0897716, 9.8774029], [77.0896375, 9.8777675], [77.0894498, 9.878222], [77.0893317, 9.8783541], [77.0891494, 9.8786078], [77.0891279, 9.8788245], [77.0890689, 9.8790729], [77.0889777, 9.8793213], [77.0888382, 9.8794745], [77.0887309, 9.8796542], [77.0886987, 9.8798022], [77.0887631, 9.8799343], [77.0889026, 9.8800717], [77.089085, 9.8801668], [77.0893747, 9.880262], [77.0896643, 9.8803941], [77.0898414, 9.8804998], [77.0899755, 9.8806266], [77.0900667, 9.8807957], [77.0901149, 9.8809543], [77.0901579, 9.8811181], [77.0902115, 9.8812925], [77.0903563, 9.8814458], [77.0906031, 9.8816202], [77.090764, 9.8816783], [77.0909625, 9.8817972], [77.0909893, 9.881895], [77.0909625, 9.8820377], [77.0908928, 9.8821619], [77.090764, 9.8822438], [77.0906836, 9.8823363], [77.0905307, 9.8824103], [77.090359, 9.8825265], [77.0902383, 9.8826322], [77.0901552, 9.882804], [77.0899755, 9.8828806], [77.0898548, 9.8828885], [77.0896885, 9.8828674], [77.0895463, 9.8828833], [77.0893639, 9.8829123], [77.0892298, 9.8829969], [77.0891145, 9.8831581], [77.0890233, 9.8832373], [77.0888329, 9.883314], [77.0885888, 9.8833615], [77.0884171, 9.8834223], [77.0882347, 9.8834857], [77.0880255, 9.8835359], [77.0878565, 9.8836178], [77.0877036, 9.883676], [77.0875239, 9.8837817], [77.0873791, 9.8838821], [77.0872262, 9.8839402], [77.087017, 9.8839296], [77.086722, 9.8839217], [77.0864457, 9.8839244], [77.0863706, 9.8839164], [77.0861614, 9.88389], [77.0859709, 9.8838557], [77.0858583, 9.8837447], [77.0857188, 9.8837315], [77.0854989, 9.8837605], [77.0853457, 9.8837344], [77.0853259, 9.883731], [77.0852253, 9.883779], [77.0850992, 9.8838768], [77.0850362, 9.8839349], [77.085016, 9.884038], [77.0850885, 9.8842282], [77.0851288, 9.8843762], [77.0851234, 9.8845004], [77.0850724, 9.8846246], [77.0850214, 9.8847488], [77.0851368, 9.8850342], [77.0852092, 9.8851505], [77.0851984, 9.8852324], [77.0852736, 9.8854094], [77.0853245, 9.885523], [77.0853272, 9.8857476], [77.0852495, 9.8859484], [77.0851743, 9.8860594], [77.0850912, 9.8861889], [77.0850081, 9.8863051], [77.0849893, 9.886535], [77.0849732, 9.8867385], [77.084933, 9.8871455], [77.0849169, 9.8873885], [77.0849088, 9.887629], [77.084945, 9.8878298], [77.0849665, 9.8879387], [77.0849812, 9.8880121], [77.0849423, 9.88809], [77.084882, 9.8881998], [77.084823, 9.8884164], [77.0847452, 9.8886859], [77.08478, 9.8889343], [77.0847934, 9.8891325], [77.08478, 9.8895447], [77.0848659, 9.8898459], [77.084882, 9.8900335], [77.08489, 9.8901815], [77.084882, 9.8903242], [77.0848364, 9.8906756], [77.0848202, 9.890924], [77.0847854, 9.8911671], [77.0847908, 9.8914498], [77.0847854, 9.8916189], [77.0847452, 9.8919122], [77.0847559, 9.8920444], [77.0847666, 9.892224], [77.0848149, 9.8923958], [77.084772, 9.8927445], [77.0847801, 9.892808], [77.0847801, 9.8929322], [77.0847935, 9.8929982], [77.0847505, 9.8931515], [77.0847559, 9.8933021], [77.0847908, 9.8934553], [77.0848632, 9.8936905], [77.0849866, 9.8939204], [77.0850563, 9.8940367], [77.0850509, 9.8941688], [77.0849812, 9.8943167], [77.0849275, 9.8944991], [77.0848123, 9.8946365], [77.0847532, 9.8948083], [77.0846325, 9.8949535], [77.0845386, 9.8952283], [77.0844447, 9.8954397], [77.0843134, 9.8956088], [77.0842302, 9.8959127], [77.0842704, 9.896169], [77.084316, 9.8963883], [77.0842517, 9.8965891], [77.084206, 9.8968005], [77.0841497, 9.8969722], [77.0840478, 9.8972576], [77.0839646, 9.8974188], [77.0838278, 9.8976143], [77.083675, 9.8977913], [77.0835951, 9.8979116], [77.0836226, 9.8980741]]}}, {"type": "Feature", "properties": {"id": "OSM-616861914-0", "upstream_node": "osm:3107610006", "downstream_node": "osm:560853659", "name": "Periyar", "osm_way_id": 616861914, "source": "OpenStreetMap", "source_url": "https://www.openstreetmap.org/way/616861914", "mainstem": true, "demo": false}, "geometry": {"type": "LineString", "coordinates": [[76.6637269, 10.1380554], [76.661426, 10.1371365], [76.6599099, 10.1368265], [76.657954, 10.1377979], [76.6562977, 10.1410024], [76.655536, 10.1423617], [76.6541887, 10.1447657], [76.6524282, 10.1472461], [76.6503382, 10.149086], [76.6484725, 10.1527774], [76.6465842, 10.1572342], [76.6457731, 10.1577434], [76.6446278, 10.1584624], [76.6444562, 10.1585701], [76.6423786, 10.1598743], [76.638602, 10.1624088], [76.6372164, 10.1635418], [76.636019, 10.164521], [76.6344178, 10.1658304], [76.6310489, 10.1704769], [76.627916, 10.1730959], [76.6237962, 10.1728846], [76.6199884, 10.1711049], [76.6199553, 10.1710894], [76.6164362, 10.1700545], [76.6146982, 10.1696321], [76.6127133, 10.1694526], [76.6107285, 10.1700334], [76.6080463, 10.1709205], [76.6062438, 10.1710261], [76.604656, 10.1712795], [76.6020167, 10.1734338], [76.5984976, 10.1735816], [76.5940617, 10.1734176], [76.5913477, 10.1742451], [76.5896419, 10.1765137], [76.588808, 10.1776227], [76.5844672, 10.1811612], [76.5797838, 10.1833612], [76.5749751, 10.1826713], [76.572448, 10.1820285], [76.5708172, 10.1815016], [76.5690148, 10.1819663], [76.5681037, 10.1831003], [76.566826, 10.1846907], [76.5663439, 10.1855292], [76.5652596, 10.1874151], [76.564144, 10.189628], [76.562946, 10.1916714], [76.5618569, 10.1927301], [76.5614328, 10.1941075], [76.5611821, 10.195074], [76.5607382, 10.1953963], [76.5594347, 10.1956696], [76.5585558, 10.1958016], [76.5574772, 10.1959791], [76.555899, 10.1957118], [76.5530692, 10.1948234], [76.5503085, 10.1946823], [76.5457851, 10.1948523], [76.545394, 10.194867], [76.5392635, 10.1950966], [76.5381861, 10.195137], [76.5337229, 10.1957901], [76.5296365, 10.1960117], [76.5256917, 10.1953137]]}}, {"type": "Feature", "properties": {"id": "OSM-618364055-0", "upstream_node": "osm:5844838816", "downstream_node": "osm:5844838815", "name": "Cheruthony River", "osm_way_id": 618364055, "source": "OpenStreetMap", "source_url": "https://www.openstreetmap.org/way/618364055", "mainstem": false, "demo": false}, "geometry": {"type": "LineString", "coordinates": [[76.9674002, 9.84586], [76.967316, 9.8459694]]}}, {"type": "Feature", "properties": {"id": "OSM-618364056-0", "upstream_node": "osm:10277129096", "downstream_node": "osm:5844838816", "name": "Cheruthony River", "osm_way_id": 618364056, "source": "OpenStreetMap", "source_url": "https://www.openstreetmap.org/way/618364056", "mainstem": false, "demo": false}, "geometry": {"type": "LineString", "coordinates": [[76.9611789, 9.7534583], [76.9608816, 9.7536048], [76.9598784, 9.7540076], [76.9591909, 9.754264], [76.9581134, 9.7548316], [76.957203, 9.755326], [76.9562183, 9.7557288], [76.9551996, 9.7560861], [76.9545241, 9.756398], [76.9529917, 9.7571056], [76.9517041, 9.7577002], [76.9447446, 9.7609137], [76.9408686, 9.7630514], [76.9344472, 9.7665929], [76.9273961, 9.7752193], [76.9271761, 9.7755101], [76.926747, 9.7761445], [76.9265419, 9.7764374], [76.9263661, 9.7770538], [76.9261247, 9.777889], [76.9254756, 9.7806433], [76.925776, 9.7822927], [76.9268918, 9.7835191], [76.9288873, 9.7845129], [76.9296726, 9.7851417], [76.9299173, 9.7853376], [76.9306254, 9.7859297], [76.9314623, 9.7876002], [76.9316983, 9.7891438], [76.9314623, 9.7908354], [76.9312262, 9.7926962], [76.9312002, 9.7938172], [76.9311672, 9.7952335], [76.9312209, 9.7956089], [76.9313282, 9.7961322], [76.9315374, 9.7965868], [76.9318861, 9.7971736], [76.9322884, 9.7976229], [76.9325893, 9.7979883], [76.9338226, 9.798955], [76.9356757, 9.8003831], [76.93717, 9.8015347], [76.9374726, 9.801761], [76.9398649, 9.8035498], [76.9403445, 9.8039084], [76.9408178, 9.8042623], [76.9421911, 9.8057001], [76.9430494, 9.8072013], [76.9439292, 9.8094426], [76.9446655, 9.8115301], [76.9453239, 9.8133965], [76.9461608, 9.8159337], [76.947026, 9.817378], [76.9479847, 9.8189784], [76.9480837, 9.8191692], [76.9499158, 9.8226996], [76.9514738, 9.8259063], [76.951847, 9.8266745], [76.9529628, 9.8304379], [76.9542289, 9.8326367], [76.9550443, 9.8334718], [76.9555378, 9.8337361], [76.9563317, 9.8338418], [76.95822, 9.8337573], [76.9607949, 9.8332076], [76.9629836, 9.8328904], [76.9644856, 9.8329961], [76.9649172, 9.8331644], [76.9655156, 9.8333978], [76.9660596, 9.8341887], [76.9663954, 9.8346769], [76.9665228, 9.8349749], [76.9672, 9.8365586], [76.9682407, 9.8385777], [76.9686913, 9.8404065], [76.9691312, 9.8421718], [76.9691956, 9.8427638], [76.9691702, 9.8433696], [76.9680315, 9.8450392], [76.9674002, 9.84586]]}}, {"type": "Feature", "properties": {"id": "OSM-799135038-0", "upstream_node": "osm:7473795530", "downstream_node": "osm:1764116925", "name": "Anakayam", "osm_way_id": 799135038, "source": "OpenStreetMap", "source_url": "https://www.openstreetmap.org/way/799135038", "mainstem": false, "demo": false}, "geometry": {"type": "LineString", "coordinates": [[76.6773722, 10.2980804], [76.6766234, 10.2986614], [76.6755745, 10.2980069], [76.6745081, 10.2980588], [76.6735437, 10.2982701], [76.6726216, 10.299167], [76.6700381, 10.2988657], [76.6671345, 10.2963378], [76.6666531, 10.2963834], [76.6653871, 10.2979246], [76.6645595, 10.2982799], [76.6634559, 10.2973968], [76.6626137, 10.2980406], [76.6612243, 10.3005002], [76.6600871, 10.302907], [76.6587996, 10.3052715], [76.6574478, 10.3077626], [76.6561603, 10.3095571], [76.6558325, 10.3101326], [76.6547656, 10.312006], [76.6537142, 10.3145815], [76.6531134, 10.3150249], [76.6522765, 10.3162282], [76.6514289, 10.3174104], [76.650635, 10.3185609], [76.6500878, 10.3195848], [76.649577, 10.3204924]]}}, {"type": "Feature", "properties": {"id": "OSM-799135039-0", "upstream_node": "osm:7473795531", "downstream_node": "osm:7473795530", "name": "Anakayam", "osm_way_id": 799135039, "source": "OpenStreetMap", "source_url": "https://www.openstreetmap.org/way/799135039", "mainstem": false, "demo": false}, "geometry": {"type": "LineString", "coordinates": [[76.6774691, 10.2980052], [76.6773722, 10.2980804]]}}, {"type": "Feature", "properties": {"id": "OSM-816076232-0", "upstream_node": "osm:5835003369", "downstream_node": "osm:1745142167", "name": "Theyilapura", "osm_way_id": 816076232, "source": "OpenStreetMap", "source_url": "https://www.openstreetmap.org/way/816076232", "mainstem": false, "demo": false}, "geometry": {"type": "LineString", "coordinates": [[76.9124401, 9.6941722], [76.9127351, 9.6940849], [76.9129202, 9.6940003], [76.9131938, 9.6940559], [76.9133413, 9.6942462], [76.9136336, 9.6945], [76.9135666, 9.694656], [76.9137731, 9.6946983], [76.913926, 9.6946428], [76.9142908, 9.6947988], [76.9144142, 9.6949151], [76.9144449, 9.6950701], [76.9145295, 9.6954968], [76.9144759, 9.6960599], [76.9143417, 9.69629], [76.9144249, 9.6967262], [76.9149694, 9.6971175], [76.9151142, 9.6972576], [76.915597, 9.6974744], [76.9158706, 9.6976489], [76.9159994, 9.697945], [76.9160315, 9.6981513], [76.916171, 9.6981988], [76.9164714, 9.6982544], [76.9166163, 9.6982411], [76.9167209, 9.6983231], [76.9168282, 9.6982861], [76.9168952, 9.6983601], [76.9169408, 9.6985637], [76.9171876, 9.698836], [76.9171795, 9.6989814], [76.9172144, 9.6991004], [76.9173163, 9.6991401], [76.9174021, 9.6990766], [76.9175523, 9.698955], [76.9177321, 9.6989841], [76.9180459, 9.6990158], [76.91807, 9.6992432], [76.9182229, 9.6993198], [76.9184321, 9.6994468], [76.9186199, 9.6994573], [76.9186816, 9.6995631], [76.9190186, 9.69969], [76.9190678, 9.6997085], [76.9190982, 9.6997011], [76.9192529, 9.6996635], [76.9193354, 9.6996904], [76.9198859, 9.6998698], [76.9199932, 9.6998063], [76.920256, 9.6994943], [76.9206154, 9.698918], [76.9212753, 9.6986457], [76.9213781, 9.6985898], [76.9214308, 9.6985611], [76.921522, 9.6986034], [76.9214871, 9.6987831], [76.9215864, 9.6988942], [76.9214389, 9.6992934], [76.9214281, 9.6996212], [76.921176, 9.7000681], [76.9212484, 9.7003721], [76.921455, 9.7007184], [76.9217661, 9.7008903], [76.9220558, 9.7009802], [76.9224983, 9.7011282], [76.9226781, 9.701308], [76.9228443, 9.7013001], [76.9229731, 9.701197], [76.923075, 9.7012102], [76.9231367, 9.7015909], [76.9230562, 9.701895], [76.9231045, 9.702088], [76.9232306, 9.7021884], [76.9233781, 9.7021673], [76.9235498, 9.7020139], [76.9236839, 9.7020404], [76.923767, 9.702162], [76.9238394, 9.7024898], [76.9240567, 9.7028653], [76.9240862, 9.7031865], [76.9241479, 9.7033094], [76.924282, 9.703324], [76.9245476, 9.7034469], [76.924683, 9.7036306], [76.9247836, 9.7037932], [76.9248694, 9.7040457], [76.9250102, 9.7043432], [76.9252516, 9.7044383], [76.9254877, 9.7044463], [76.9256258, 9.7044145], [76.9257089, 9.7044727], [76.9258592, 9.7046631], [76.9261032, 9.7049301], [76.9261917, 9.7051469], [76.9264626, 9.7053452], [76.9267604, 9.7054509], [76.9268757, 9.7056043], [76.9271815, 9.7056281], [76.9275919, 9.7054456], [76.9282141, 9.7057867], [76.9286326, 9.7057761], [76.9291851, 9.7059109], [76.9295311, 9.7064384], [76.9299079, 9.7065838], [76.9300045, 9.7064093], [76.9302271, 9.7063815], [76.9307099, 9.7065838], [76.9310653, 9.7069037], [76.93141, 9.7071258], [76.931536, 9.7073056], [76.9317412, 9.70741], [76.9319934, 9.7076479], [76.9324493, 9.7078912], [76.9327658, 9.7077722], [76.9329026, 9.7075871], [76.9331065, 9.7073968], [76.9335893, 9.7075475], [76.9339085, 9.7077854], [76.9340748, 9.7077008], [76.9344825, 9.7071562], [76.9347855, 9.7066644], [76.9350457, 9.7066142], [76.9358075, 9.7069341], [76.9361401, 9.7073042], [76.936191, 9.7076109], [76.9360703, 9.7078383], [76.9361937, 9.7081265], [76.9366255, 9.7082058], [76.9370413, 9.7081251], [76.9371647, 9.7081939], [76.9372438, 9.7083565], [76.937449, 9.7085561], [76.9376475, 9.7086803], [76.9382992, 9.7088456], [76.9386399, 9.708872], [76.9390395, 9.7085865], [76.939466, 9.7086314], [76.9399863, 9.7090782], [76.940287, 9.7091997], [76.940668, 9.709158], [76.9408419, 9.7092496], [76.9409715, 9.7093179], [76.9412678, 9.7093736], [76.9414684, 9.7092995], [76.9417241, 9.7089843], [76.9419231, 9.7087041], [76.9423305, 9.70862], [76.9430412, 9.7088255], [76.9434203, 9.7085733], [76.9435624, 9.7084706], [76.9435814, 9.7079662], [76.9439889, 9.7076113], [76.9446106, 9.7075945], [76.9454154, 9.7076589], [76.9456892, 9.7077391], [76.9459573, 9.7072254], [76.9464431, 9.706645], [76.9465566, 9.7063222], [76.9469966, 9.7060602], [76.9474125, 9.7057984], [76.9477033, 9.7056225], [76.9478448, 9.7057158], [76.9479115, 9.7055695], [76.9478592, 9.7055199], [76.9480476, 9.7049673], [76.9481771, 9.7048988], [76.9484946, 9.7049453], [76.9486224, 9.704803], [76.9489083, 9.7045707], [76.9491215, 9.7045895], [76.9494332, 9.7044831], [76.9497418, 9.7042023], [76.9498682, 9.7038579], [76.9501287, 9.7035505], [76.9503614, 9.7034591], [76.9506615, 9.70325], [76.9509692, 9.7031231], [76.9511938, 9.7029329], [76.9513349, 9.7029093], [76.9514059, 9.7026838], [76.9514682, 9.7025693], [76.9516308, 9.7025983], [76.9521006, 9.7023935], [76.952365, 9.7020921], [76.9528706, 9.7020147], [76.9530765, 9.7017373], [76.9533348, 9.7017068], [76.9535723, 9.7015548], [76.9536102, 9.7015063], [76.9536417, 9.7014367], [76.9536759, 9.7013562], [76.9537166, 9.70128], [76.9537544, 9.7012226], [76.9537935, 9.7011802], [76.9538255, 9.7011607], [76.9538785, 9.7011331], [76.9539471, 9.7011073], [76.9540171, 9.7010814], [76.9541302, 9.7010423], [76.9542526, 9.7009971], [76.9543782, 9.7009465], [76.9544514, 9.7009188], [76.9545022, 9.7008894], [76.9545477, 9.7008518], [76.9545908, 9.7008014], [76.9546314, 9.700759], [76.9546773, 9.7007272], [76.9547468, 9.7007021], [76.9548001, 9.7006844], [76.9548549, 9.700671], [76.9549062, 9.7006544], [76.9549375, 9.7006358], [76.9549447, 9.700621], [76.9549447, 9.700599], [76.9549359, 9.7005829], [76.9549182, 9.700564], [76.9548852, 9.7005244], [76.9548549, 9.7004956], [76.954828, 9.700466], [76.9548166, 9.700443], [76.9548254, 9.7004194], [76.9548458, 9.7004028], [76.9548756, 9.7003836], [76.9549425, 9.700344], [76.9549901, 9.7003137], [76.9550249, 9.7002897], [76.9550559, 9.7002582], [76.9550971, 9.7002144], [76.9551344, 9.7001891], [76.9551759, 9.7001731], [76.9552083, 9.7001754], [76.9552369, 9.7001891], [76.9552591, 9.7002002], [76.9552786, 9.7002047], [76.9553003, 9.7001925], [76.95531, 9.7001665], [76.9553166, 9.7001382], [76.9553198, 9.7001048], [76.9553284, 9.7000801], [76.9553506, 9.7000577], [76.9553772, 9.7000479], [76.9554186, 9.7000435], [76.9554736, 9.700044], [76.9555333, 9.7000513], [76.9555746, 9.7000722], [76.9556052, 9.7001044], [76.9556383, 9.7001592], [76.9556694, 9.7002039], [76.9557029, 9.7002341], [76.9557409, 9.7002535], [76.9557971, 9.7002634], [76.955841, 9.7002639], [76.955878, 9.7002504], [76.9559068, 9.7002158], [76.9559214, 9.7001673], [76.9559239, 9.7001173], [76.9559253, 9.7000509], [76.9559297, 9.6999918], [76.9559385, 9.6999365], [76.9559551, 9.6998889], [76.9559844, 9.6998428], [76.956021, 9.6998078], [76.9560673, 9.6997764], [76.9561423, 9.6997455], [76.9562082, 9.699717], [76.9562619, 9.6996874], [76.9563168, 9.6996469], [76.956359, 9.6995842], [76.9563983, 9.6995262], [76.9564426, 9.6994738], [76.9565012, 9.699431], [76.956569, 9.6993988], [76.9566474, 9.6993661], [76.9567058, 9.6993539], [76.9567532, 9.6993379], [76.9567889, 9.6992982], [76.956811, 9.6992387], [76.9568379, 9.6992042], [76.9568707, 9.6991846], [76.9568997, 9.6991789], [76.9569299, 9.6991771], [76.9571152, 9.6991826], [76.9572839, 9.6991877], [76.9572812, 9.6990158], [76.9570747, 9.6986985], [76.957076, 9.6984487], [76.9571954, 9.6982887], [76.9573483, 9.6982147], [76.9576634, 9.6981658], [76.9578485, 9.6980799], [76.957988, 9.6980204], [76.9582656, 9.6979133], [76.9583004, 9.6977791], [76.9583112, 9.6977375], [76.9587068, 9.6974242], [76.9591856, 9.6974057], [76.9594189, 9.6971466], [76.9596523, 9.6969007], [76.9595316, 9.6965755], [76.9599896, 9.6963992], [76.9602746, 9.6963508], [76.9610658, 9.6960229], [76.9615352, 9.6959489], [76.9614011, 9.6955973], [76.9614387, 9.6952721], [76.9615915, 9.6950447], [76.9617632, 9.6949733], [76.9623023, 9.694857], [76.962769, 9.6945582], [76.9636112, 9.6941881], [76.9639733, 9.6939528], [76.9642952, 9.6932733], [76.9644964, 9.6929719], [76.9646546, 9.6930327], [76.964896, 9.6933843], [76.9649507, 9.6935214], [76.9650543, 9.6937809], [76.9652167, 9.6940793], [76.9653973, 9.6941225], [76.965904, 9.6937338], [76.9664537, 9.6937805], [76.966776, 9.6938751], [76.9672558, 9.6940484], [76.9675465, 9.694248], [76.9677596, 9.6942432], [76.9679297, 9.6940808], [76.9680605, 9.6939385], [76.9681966, 9.6937997], [76.9683308, 9.6935786], [76.9684352, 9.6934665], [76.9686958, 9.6934056], [76.9688326, 9.693286], [76.9689329, 9.6929183], [76.9691172, 9.6928101], [76.9692373, 9.6927742], [76.9693775, 9.6928068], [76.9697651, 9.6930336], [76.9700508, 9.6931272], [76.9705052, 9.6930235], [76.971127, 9.6929441], [76.9716532, 9.6930176], [76.9720814, 9.6928682], [76.9725634, 9.6928889], [76.9729311, 9.6928037], [76.973327, 9.6923809], [76.973685, 9.6921652], [76.9741448, 9.6921724], [76.9743515, 9.6923503], [76.9746791, 9.6923571], [76.9749382, 9.6921205], [76.9754612, 9.6916499], [76.9757992, 9.6909598], [76.9758716, 9.6904231], [76.9759762, 9.6903068], [76.9762337, 9.6902249], [76.9761693, 9.6897013], [76.9760969, 9.6893523], [76.9761586, 9.6891857], [76.9764724, 9.6889293], [76.9771028, 9.6886808], [76.977489, 9.6883899], [76.9778645, 9.6880753], [76.9782829, 9.6876337], [76.9791144, 9.6870018], [76.9794685, 9.68683], [76.9806433, 9.6867163], [76.9809571, 9.6868485], [76.9812173, 9.686785], [76.9812602, 9.6863673], [76.9812897, 9.6860474], [76.9814292, 9.6859099], [76.9814989, 9.6853969], [76.9813648, 9.6852462], [76.9810536, 9.6849766], [76.9807345, 9.6848126], [76.9800907, 9.6846249], [76.9798279, 9.6841146], [76.9798171, 9.683607], [76.9799647, 9.6832527], [76.9799486, 9.6825362], [76.9794658, 9.6818514], [76.9794336, 9.6814019], [76.9795306, 9.6813623], [76.9796669, 9.6813067], [76.9802919, 9.6809656], [76.9811851, 9.6803681], [76.9817913, 9.6800852], [76.9823679, 9.6798789], [76.9826925, 9.679633], [76.9830251, 9.679485], [76.983481, 9.6789112], [76.9838512, 9.6787817], [76.9841623, 9.6785199], [76.9842938, 9.6783269], [76.9844064, 9.6782951], [76.984503, 9.6783163], [76.9846505, 9.6783084], [76.9851306, 9.6783242], [76.9856429, 9.6778985], [76.9858843, 9.6776659], [76.9863564, 9.6777346], [76.9865629, 9.6773988], [76.9869572, 9.6769731], [76.9876599, 9.676759], [76.9879469, 9.676759], [76.9884056, 9.6764047], [76.9887543, 9.6762302], [76.9890386, 9.6759234], [76.9892853, 9.6758203], [76.9896153, 9.675741], [76.9901544, 9.6757357], [76.9905058, 9.6754792], [76.9910261, 9.6749716], [76.991466, 9.6744745], [76.991812, 9.674218], [76.9921902, 9.674107], [76.9929546, 9.6735623], [76.9933435, 9.6730811], [76.9939765, 9.6728193], [76.9947195, 9.6722693], [76.9952023, 9.6719996], [76.9957897, 9.6720234], [76.9966748, 9.6715184], [76.9972113, 9.6712355], [76.99756, 9.6705718], [76.9978684, 9.6702598], [76.9986355, 9.6699716], [76.9990352, 9.6692921], [76.9998667, 9.6686813], [77.0002422, 9.6681921], [77.0003387, 9.6675655], [77.0005774, 9.667354], [77.0008484, 9.6670208], [77.0013526, 9.6672191], [77.0015457, 9.6670155], [77.0018913, 9.6668302], [77.002844, 9.6661205], [77.0035424, 9.6656555], [77.0042924, 9.6652102], [77.0046937, 9.664875], [77.004758, 9.664718], [77.0048744, 9.6644523], [77.0054012, 9.664099], [77.0055789, 9.6640959], [77.0057811, 9.6641533], [77.0060732, 9.6641628], [77.0065844, 9.6638297], [77.0073728, 9.6632489], [77.0078377, 9.6628192], [77.0099481, 9.6618432], [77.0113171, 9.6604595], [77.0130839, 9.6595294]]}}, {"type": "Feature", "properties": {"id": "OSM-818980880-0", "upstream_node": "osm:1521445474", "downstream_node": "osm:1764116793", "name": "manthode- Pelathodu", "osm_way_id": 818980880, "source": "OpenStreetMap", "source_url": "https://www.openstreetmap.org/way/818980880", "mainstem": false, "demo": false}, "geometry": {"type": "LineString", "coordinates": [[76.4618827, 10.1187389], [76.4617019, 10.1191952], [76.4614981, 10.1196282], [76.4611547, 10.1198078], [76.4607452, 10.120112], [76.4604986, 10.1203698], [76.4604333, 10.120524], [76.4603928, 10.120919], [76.4603566, 10.1209425], [76.4602147, 10.1209945], [76.4600829, 10.1209946], [76.4599114, 10.1209204], [76.4597445, 10.1208581], [76.4594771, 10.1208091], [76.4593211, 10.1207757], [76.4591842, 10.1206074], [76.4591239, 10.1205607], [76.4590716, 10.120487], [76.4589789, 10.120347], [76.4588434, 10.120307], [76.4586407, 10.1202835], [76.4584385, 10.1202039], [76.4582883, 10.120074], [76.4581727, 10.1199485], [76.4581114, 10.119774], [76.4580679, 10.1195889], [76.4580523, 10.1194656], [76.4579747, 10.1193391], [76.4577863, 10.1192387], [76.4573984, 10.1191931], [76.4571772, 10.1192068], [76.4570173, 10.1192109], [76.4568936, 10.1192459], [76.4565503, 10.1195205], [76.4556276, 10.120243], [76.4553152, 10.1207268], [76.455235, 10.1208277], [76.4551278, 10.1208758], [76.4550499, 10.1208808], [76.4549765, 10.1208413], [76.4548399, 10.1207752], [76.454718, 10.1207708], [76.4544514, 10.1208669], [76.4543385, 10.1208829], [76.4541803, 10.1208707], [76.4538069, 10.12075], [76.4534252, 10.1206328], [76.4530956, 10.1205767], [76.4528402, 10.1206903], [76.4517839, 10.1213083]]}}, {"type": "Feature", "properties": {"id": "OSM-823806651-0", "upstream_node": "osm:3377022287", "downstream_node": "osm:1764116925", "name": "Periyar tributary", "osm_way_id": 823806651, "source": "OpenStreetMap", "source_url": "https://www.openstreetmap.org/way/823806651", "mainstem": false, "demo": false}, "geometry": {"type": "LineString", "coordinates": [[76.6547322, 10.3772563], [76.654737, 10.3771718], [76.6548411, 10.3753274], [76.6541082, 10.3723069], [76.6530299, 10.3698755], [76.6514775, 10.3674108], [76.6502247, 10.3647585], [76.6515728, 10.3635261], [76.6519761, 10.3624574], [76.6521992, 10.3616909], [76.650094, 10.3592553], [76.6465364, 10.3585743], [76.6428449, 10.3566427], [76.6397817, 10.3557155], [76.6358349, 10.3546531], [76.6347231, 10.3541586], [76.6339695, 10.3529726], [76.6330403, 10.3513518], [76.6331247, 10.3509859], [76.6331393, 10.3509344], [76.6334982, 10.3496695], [76.6364828, 10.3497661], [76.6380341, 10.3477958], [76.6396639, 10.3457096], [76.6402726, 10.3431019], [76.6420005, 10.33976], [76.645751, 10.3377124], [76.6460455, 10.3354137], [76.6468575, 10.3348057], [76.6472991, 10.334475], [76.64767, 10.3341972], [76.6486088, 10.3329253], [76.6486964, 10.3308741], [76.6494725, 10.3283498], [76.6534338, 10.3232887], [76.6533816, 10.3227513], [76.6530383, 10.3222658], [76.6519117, 10.3218964], [76.6506028, 10.3211047], [76.6499591, 10.3207247], [76.649577, 10.3204924]]}}, {"type": "Feature", "properties": {"id": "OSM-826211087-0", "upstream_node": "osm:1905138178", "downstream_node": "osm:1905138287", "name": "Periyar", "osm_way_id": 826211087, "source": "OpenStreetMap", "source_url": "https://www.openstreetmap.org/way/826211087", "mainstem": true, "demo": false}, "geometry": {"type": "LineString", "coordinates": [[76.9709336, 9.8566237], [76.9712946, 9.857214], [76.9714427, 9.8577413], [76.9712956, 9.858112], [76.970936, 9.8585126], [76.9708825, 9.8589079], [76.9709808, 9.8594751], [76.9704164, 9.861635], [76.9698498, 9.8623725], [76.9697857, 9.8629589], [76.9697432, 9.863299], [76.9696038, 9.8635614], [76.9693015, 9.8636821], [76.9690105, 9.8636539], [76.9685284, 9.8637403], [76.9681334, 9.8640899], [76.9679564, 9.8647981], [76.9672322, 9.8651787], [76.9670384, 9.8653523], [76.9668782, 9.8654958], [76.9665143, 9.8656194], [76.966263, 9.8657048], [76.9659435, 9.8659313], [76.9658536, 9.8662357], [76.9656604, 9.8667272], [76.9657872, 9.8673526], [76.9658697, 9.8680749], [76.966095, 9.8688835], [76.9663846, 9.869005], [76.966449, 9.8692455], [76.9664227, 9.869518], [76.9662666, 9.8698216], [76.9663632, 9.8705483], [76.966508, 9.8708574], [76.9664276, 9.8711534], [76.9665429, 9.8715286], [76.9667065, 9.8718484], [76.9667923, 9.8719779], [76.9668433, 9.8723135], [76.9667709, 9.8731273], [76.9667985, 9.8734733], [76.9668434, 9.874037], [76.9669023, 9.8744274], [76.9669345, 9.8748767], [76.96742, 9.8758517], [76.9673851, 9.8762613], [76.9674924, 9.8765678], [76.9679806, 9.8769034], [76.9681281, 9.8771545], [76.9680932, 9.8774583], [76.968002, 9.8776882], [76.9678652, 9.8778574], [76.9678867, 9.8780635], [76.9679618, 9.8781744], [76.9681388, 9.8782326], [76.9683212, 9.8781242], [76.9686162, 9.8780238], [76.969011, 9.8779988], [76.9692278, 9.8784995], [76.9693243, 9.878732], [76.9695523, 9.8788245], [76.9699633, 9.8786483], [76.9702068, 9.8787294], [76.9702738, 9.878991], [76.9705045, 9.8790068], [76.9706199, 9.8791759], [76.9707137, 9.8794692], [76.9708881, 9.8796357], [76.9710463, 9.8796912], [76.9712099, 9.8796093], [76.9714728, 9.8796304], [76.9716874, 9.8798418], [76.9718188, 9.8800744], [76.9721326, 9.8803835], [76.9723579, 9.8805421], [76.9724046, 9.8806509], [76.9723847, 9.8809781], [76.9722773, 9.8812867], [76.9720173, 9.8814405], [76.9717465, 9.8815662], [76.9707514, 9.8830778], [76.9698038, 9.8839626], [76.9694694, 9.8844731], [76.9694482, 9.8847573], [76.9697847, 9.8848522], [76.969426, 9.885484], [76.9694823, 9.8861871], [76.9696078, 9.8865882], [76.9699836, 9.8870768], [76.97418, 9.8878654], [76.9742247, 9.8878738], [76.9734471, 9.8907959], [76.9735159, 9.8910807], [76.9735886, 9.8913814], [76.9736995, 9.8918405], [76.9746528, 9.8923591], [76.9758434, 9.892408], [76.9768921, 9.8920244], [76.9770888, 9.8919525], [76.9772332, 9.8920671], [76.9773624, 9.8921697], [76.9773562, 9.8930683], [76.976683, 9.8943647], [76.9762865, 9.8948553], [76.9760929, 9.8956118], [76.9763388, 9.8963216], [76.97623, 9.8964519], [76.9752836, 9.8975862], [76.9750688, 9.8984354], [76.9741582, 9.8996131], [76.9736306, 9.9003447], [76.9735966, 9.9005383], [76.9735354, 9.9008864], [76.9736959, 9.9008887], [76.9758697, 9.9009194], [76.976235, 9.9013231], [76.9761116, 9.9016685], [76.9763249, 9.9027867], [76.9766296, 9.9032345], [76.9765041, 9.9041384], [76.9774726, 9.9058813], [76.9776917, 9.9067321], [76.9771894, 9.9071836], [76.9767264, 9.9075998], [76.9754371, 9.908032], [76.9739916, 9.9113612], [76.9729402, 9.9120347], [76.9721093, 9.9130432], [76.9721122, 9.9142826], [76.9741078, 9.9165039], [76.9753869, 9.9187235], [76.9781584, 9.922149], [76.9782721, 9.9224515], [76.9786164, 9.9233676], [76.9781957, 9.9247726], [76.976989, 9.9256444], [76.9746889, 9.9271429], [76.9714736, 9.9293926], [76.970828, 9.931032], [76.9711417, 9.9321095], [76.9713939, 9.932976], [76.974049, 9.937689], [76.9752037, 9.9386122], [76.9758743, 9.93941], [76.9765353, 9.9400467]]}}, {"type": "Feature", "properties": {"id": "OSM-826211087-144", "upstream_node": "osm:1905138287", "downstream_node": "osm:4723547568", "name": "Periyar", "osm_way_id": 826211087, "source": "OpenStreetMap", "source_url": "https://www.openstreetmap.org/way/826211087", "mainstem": true, "demo": false}, "geometry": {"type": "LineString", "coordinates": [[76.9765353, 9.9400467], [76.9768023, 9.9401921], [76.9772047, 9.9404668], [76.9775588, 9.9409472], [76.9779557, 9.9415711], [76.9784599, 9.9420044], [76.9787766, 9.94244], [76.979103, 9.942922], [76.9809908, 9.9457096], [76.9815806, 9.9471756], [76.9833685, 9.9497749], [76.9835934, 9.9503269], [76.9836578, 9.950804], [76.9833324, 9.9512535]]}}, {"type": "Feature", "properties": {"id": "OSM-826211088-0", "upstream_node": "osm:7714170274", "downstream_node": "osm:7714170275", "name": "Periyar", "osm_way_id": 826211088, "source": "OpenStreetMap", "source_url": "https://www.openstreetmap.org/way/826211088", "mainstem": true, "demo": false}, "geometry": {"type": "LineString", "coordinates": [[76.9762879, 9.8437677], [76.9764086, 9.8438152], [76.9767787, 9.8438285], [76.9770845, 9.8437677], [76.977291, 9.8436672], [76.9775834, 9.8436329], [76.9778436, 9.8437571], [76.9781199, 9.8439817], [76.9783183, 9.8441905], [76.9785705, 9.8444574], [76.9787207, 9.8446688], [76.9790399, 9.8449331], [76.9790667, 9.8452317], [76.9792598, 9.8454062], [76.9793429, 9.8456229], [76.9795656, 9.8461593], [76.9796729, 9.8465055], [76.9798365, 9.8467143], [76.9800215, 9.8469125], [76.9801181, 9.8470552], [76.9803354, 9.8473855], [76.9804482, 9.8476254]]}}, {"type": "Feature", "properties": {"id": "OSM-826211089-0", "upstream_node": "osm:7714170253", "downstream_node": "osm:1905138178", "name": "Periyar", "osm_way_id": 826211089, "source": "OpenStreetMap", "source_url": "https://www.openstreetmap.org/way/826211089", "mainstem": true, "demo": false}, "geometry": {"type": "LineString", "coordinates": [[76.9804882, 9.8477106], [76.9806492, 9.8479167], [76.9807699, 9.8481572], [76.980828, 9.848297], [76.9808611, 9.8483765], [76.9809174, 9.8485219], [76.9809657, 9.8486937], [76.9809657, 9.8488522], [76.9808906, 9.8490187], [76.9807216, 9.8492169], [76.9805204, 9.8493306], [76.9804641, 9.849431], [76.9802763, 9.8495684], [76.9800323, 9.8496926], [76.9797614, 9.8497428], [76.9795253, 9.8497957], [76.9793671, 9.849793], [76.9792249, 9.8498644], [76.9790475, 9.8499288], [76.9789643, 9.8499816], [76.9787175, 9.8499446], [76.9786424, 9.8499843], [76.9784601, 9.8501534], [76.9782535, 9.8502565], [76.977996, 9.8503225], [76.977701, 9.8502935], [76.9774274, 9.8502353], [76.9772589, 9.8503089], [76.977089, 9.8503856], [76.9768271, 9.8504728], [76.976544, 9.850546], [76.9762609, 9.850689], [76.9760237, 9.8508529], [76.9758892, 9.8509679], [76.9759211, 9.8510481], [76.9760406, 9.8511868], [76.9760202, 9.8512574], [76.9759211, 9.8513376], [76.9758008, 9.8515049], [76.9756875, 9.8516898], [76.9753336, 9.8518885], [76.9750929, 9.8519373], [76.9747319, 9.8519408], [76.9743886, 9.8519792], [76.9742966, 9.8520838], [76.9741823, 9.8522632], [76.973897, 9.852452], [76.9736415, 9.8526617], [76.9733009, 9.8526491], [76.9730284, 9.8528253], [76.9727721, 9.8531517], [76.9720386, 9.8533073], [76.9714293, 9.8537521], [76.9709779, 9.8541078], [76.9707523, 9.8544636], [76.9707297, 9.854786], [76.9706845, 9.8551306], [76.9709215, 9.8554419], [76.9713616, 9.8554308], [76.9716211, 9.8553085], [76.9716888, 9.8556087], [76.9716437, 9.8559867], [76.9714857, 9.8562424], [76.9713165, 9.8563869], [76.9710744, 9.8565182], [76.9709336, 9.8566237]]}}, {"type": "Feature", "properties": {"id": "OSM-826211090-0", "upstream_node": "osm:7714170275", "downstream_node": "osm:7714170253", "name": "Periyar", "osm_way_id": 826211090, "source": "OpenStreetMap", "source_url": "https://www.openstreetmap.org/way/826211090", "mainstem": true, "demo": false}, "geometry": {"type": "LineString", "coordinates": [[76.9804482, 9.8476254], [76.9804882, 9.8477106]]}}, {"type": "Feature", "properties": {"id": "OSM-826224424-0", "upstream_node": "osm:7260442586", "downstream_node": "osm:7714246121", "name": "Periyar", "osm_way_id": 826224424, "source": "OpenStreetMap", "source_url": "https://www.openstreetmap.org/way/826224424", "mainstem": true, "demo": false}, "geometry": {"type": "LineString", "coordinates": [[77.2707583, 9.3275846], [77.2706617, 9.3272782], [77.2703293, 9.3271133], [77.2695737, 9.3269904], [77.2695531, 9.326832], [77.2696969, 9.3264659], [77.2699598, 9.3260324]]}}, {"type": "Feature", "properties": {"id": "OSM-826224425-0", "upstream_node": "osm:7714246121", "downstream_node": "osm:1203392512", "name": "Periyar", "osm_way_id": 826224425, "source": "OpenStreetMap", "source_url": "https://www.openstreetmap.org/way/826224425", "mainstem": true, "demo": false}, "geometry": {"type": "LineString", "coordinates": [[77.2699598, 9.3260324], [77.2701524, 9.3255182], [77.2712432, 9.3245921], [77.2721778, 9.324737], [77.2726511, 9.3242956], [77.2728071, 9.3235284], [77.2733965, 9.3217176], [77.2736204, 9.3216057], [77.2737318, 9.3215989], [77.2742092, 9.3221027], [77.2745241, 9.3224345], [77.2747067, 9.3226243], [77.2752195, 9.3235255], [77.2753758, 9.32427], [77.274987, 9.3248834], [77.274756, 9.3263826], [77.2740658, 9.3269758], [77.2739853, 9.3277133], [77.2739258, 9.3285283], [77.2743047, 9.3287797], [77.2748567, 9.3296952], [77.2749062, 9.3308858], [77.2748998, 9.332416], [77.2754547, 9.3330484], [77.2758774, 9.3343839], [77.2758932, 9.3355844], [77.2758615, 9.3366054], [77.2764787, 9.3375394], [77.2768882, 9.3388694], [77.2777491, 9.3389185], [77.2778929, 9.339492], [77.2771854, 9.3397881], [77.2763571, 9.3400563], [77.2760858, 9.340335], [77.2759793, 9.3408304], [77.275892, 9.3415439], [77.2758349, 9.3423196], [77.2756985, 9.3432589], [77.275146, 9.3434319], [77.2747219, 9.343176], [77.2734716, 9.3430275], [77.2734427, 9.3437014], [77.2730623, 9.3439421], [77.2726032, 9.342927], [77.2713787, 9.3425296], [77.2705733, 9.3430055], [77.2701556, 9.3436793], [77.2704183, 9.3444432], [77.2709031, 9.3449741], [77.2712754, 9.3447651], [77.2714718, 9.3439886], [77.2719391, 9.3435947], [77.2722593, 9.3444675], [77.2723814, 9.345704], [77.2723369, 9.3464381], [77.2722492, 9.3478856], [77.2721467, 9.3486114], [77.2720128, 9.349559], [77.2719094, 9.3506001], [77.2722521, 9.3513201], [77.2730926, 9.3527318], [77.2727062, 9.3532586], [77.2714222, 9.3544377], [77.2704916, 9.3554181], [77.2704655, 9.3564674], [77.2713567, 9.3565369], [77.2722818, 9.3574677], [77.2726919, 9.3574494], [77.2733015, 9.3574223], [77.2744197, 9.3578957], [77.2746972, 9.3586083], [77.2747684, 9.3600523], [77.2741492, 9.3605279], [77.2741581, 9.3610199], [77.274967, 9.3623858], [77.2753187, 9.3632371], [77.2759201, 9.3639079], [77.2763425, 9.3658211], [77.2773819, 9.3667979], [77.2780385, 9.3672854], [77.2781246, 9.3678941], [77.2783822, 9.3692089], [77.2789087, 9.3698739], [77.2791457, 9.370166], [77.2796887, 9.3708353], [77.280016, 9.3702144], [77.2802453, 9.3694007], [77.2807115, 9.3690093], [77.2812648, 9.3687368], [77.2821921, 9.3682801], [77.2828332, 9.3686265], [77.2835598, 9.3698063], [77.2843642, 9.3699144], [77.2860138, 9.3692556], [77.2868827, 9.3693829], [77.2883262, 9.3692528], [77.2890128, 9.3682769], [77.288922, 9.3677509], [77.2883223, 9.3678096], [77.2877877, 9.3673059], [77.2880825, 9.3663604], [77.288527, 9.3659951], [77.2890563, 9.3661845], [77.2903606, 9.3673134], [77.29137, 9.3672494], [77.2928245, 9.3676375], [77.2940705, 9.36824], [77.2950893, 9.3697163], [77.2959479, 9.3710202], [77.2961952, 9.3719512], [77.2971401, 9.3721324], [77.2975773, 9.3722163], [77.2988996, 9.3725343], [77.3002219, 9.3731876], [77.302739, 9.3737202], [77.3037347, 9.373909], [77.3039986, 9.3741207], [77.3043113, 9.3743715], [77.3048648, 9.3749988], [77.3057418, 9.3753625], [77.306919, 9.3742816], [77.3075084, 9.3739525], [77.3078973, 9.3739027], [77.3084316, 9.3743718], [77.3092271, 9.3765585], [77.3098549, 9.3767758], [77.310426, 9.3771887], [77.3108929, 9.3784313], [77.3117907, 9.3800022], [77.3123336, 9.3804402], [77.3128344, 9.3810253], [77.3134201, 9.381317], [77.3135412, 9.3814245], [77.3142085, 9.3820167], [77.3147563, 9.3829539], [77.3158084, 9.3844453], [77.3160172, 9.3862549], [77.3146956, 9.3879592], [77.3134384, 9.3887744], [77.3128662, 9.3887497], [77.3123659, 9.3887281], [77.3110766, 9.3868709], [77.3103706, 9.3859326], [77.3095224, 9.3852816], [77.3085469, 9.384863], [77.3073596, 9.3856669], [77.3061266, 9.3870769], [77.305309, 9.3869912], [77.3042671, 9.386729], [77.3033088, 9.3875929], [77.3028141, 9.3881535], [77.3026754, 9.3883107], [77.3024442, 9.3889622], [77.3023136, 9.3893301], [77.3025289, 9.3908928], [77.3026308, 9.3916324], [77.3020504, 9.392331], [77.3012309, 9.3933989], [77.3016677, 9.394428], [77.3017451, 9.3951336], [77.3023777, 9.3967193], [77.3039691, 9.3971159], [77.3047489, 9.3973364], [77.3048759, 9.3978871], [77.304262, 9.3985963], [77.3042125, 9.3986535], [77.3029654, 9.4001865], [77.3017685, 9.4010486], [77.3014098, 9.4011397], [77.300236, 9.4014377], [77.300099, 9.4014725], [77.2995294, 9.4018665], [77.2993123, 9.4024288], [77.299576, 9.4034352], [77.3004, 9.4044047], [77.3014245, 9.4051336], [77.3014639, 9.4052013], [77.3022495, 9.4065498], [77.302428, 9.4071151], [77.3026371, 9.4077773], [77.3026651, 9.407866], [77.3026188, 9.409394], [77.3030139, 9.4107428], [77.3035659, 9.4118314], [77.305012, 9.4131115], [77.3061677, 9.4145628], [77.3069241, 9.4164696], [77.3067773, 9.4182657], [77.3063225, 9.4191152], [77.3060542, 9.4194539], [77.3058236, 9.4196338], [77.3055929, 9.4196708], [77.3053354, 9.4196073], [77.3050189, 9.4194115]]}}, {"type": "Feature", "properties": {"id": "OSM-850737308-0", "upstream_node": "osm:7936496961", "downstream_node": "osm:1745142167", "name": "Periyar", "osm_way_id": 850737308, "source": "OpenStreetMap", "source_url": "https://www.openstreetmap.org/way/850737308", "mainstem": true, "demo": false}, "geometry": {"type": "LineString", "coordinates": [[77.1460215, 9.5311598], [77.1453685, 9.5310723], [77.1450224, 9.5310829], [77.1437199, 9.5308731], [77.1430133, 9.5306335], [77.1426568, 9.5302538], [77.1425715, 9.5301629], [77.1425354, 9.530125], [77.1420264, 9.529591], [77.1415543, 9.5292207], [77.1407692, 9.5292521], [77.1401523, 9.5293362], [77.139326, 9.5293494], [77.1386435, 9.52945], [77.1377282, 9.5294316], [77.1370744, 9.5292566], [77.1338081, 9.5281203], [77.1330088, 9.5279034], [77.1322557, 9.5278394], [77.1311552, 9.5281412], [77.1299887, 9.529144], [77.12895, 9.529728], [77.1285054, 9.5298397], [77.1280709, 9.5298635], [77.1272856, 9.5296783], [77.1266708, 9.5294588], [77.1249601, 9.5297698], [77.1230976, 9.5307012], [77.1228492, 9.5308949], [77.122331, 9.5311491], [77.1217301, 9.5316384], [77.1210869, 9.5318423], [77.1205714, 9.5318368], [77.1202751, 9.5317635], [77.1199366, 9.53145], [77.1198902, 9.5310485], [77.1190801, 9.530165], [77.1182033, 9.5294776], [77.1160524, 9.5282665], [77.1143196, 9.5272112], [77.1140011, 9.5271171], [77.1135011, 9.5272924], [77.1128358, 9.5277754], [77.1120199, 9.5285608], [77.111957, 9.5286213], [77.1112852, 9.529268], [77.1111542, 9.5301598], [77.1108244, 9.5309062], [77.1090567, 9.5330906], [77.1079827, 9.5345618], [77.107603, 9.5353284], [77.1070511, 9.5359425], [77.1053233, 9.5365674], [77.1030803, 9.5379383], [77.1025472, 9.5382569], [77.1012703, 9.5392935], [77.0999817, 9.5397902], [77.0973345, 9.5412486], [77.0962304, 9.5415524], [77.0955183, 9.5418182], [77.0953485, 9.5421469], [77.0953845, 9.543975], [77.095581, 9.5465089], [77.0956372, 9.5472343], [77.096158, 9.5483926], [77.0964117, 9.5495301], [77.0964986, 9.5499267], [77.0964176, 9.5503345], [77.0959534, 9.5506705], [77.0952444, 9.5506642], [77.0941196, 9.5500757], [77.0934769, 9.550156], [77.0927408, 9.5507387], [77.0918734, 9.5511323], [77.0912912, 9.551463], [77.0902717, 9.5520422], [77.0899504, 9.5532843], [77.0899069, 9.5542088], [77.0901372, 9.5549081], [77.0907017, 9.5557623], [77.0914056, 9.5561361], [77.0927247, 9.556563], [77.0938877, 9.5571869], [77.0942998, 9.5574632], [77.0955212, 9.558282], [77.0957094, 9.5590469], [77.0954495, 9.5598645], [77.0952192, 9.5606125], [77.0948498, 9.5612614], [77.0942816, 9.5627772], [77.0941574, 9.5630137], [77.0938041, 9.5636865], [77.0937436, 9.5636802], [77.0931504, 9.5636187], [77.0914695, 9.5625221], [77.0899218, 9.5619138], [77.0884466, 9.5602475], [77.0876597, 9.5602776], [77.0857273, 9.560936], [77.0838498, 9.5613909], [77.0824826, 9.5616223], [77.0818325, 9.5620574], [77.0816694, 9.5635568], [77.0824027, 9.5653443], [77.0833145, 9.5664375], [77.0854356, 9.5673057], [77.0872079, 9.5677628], [77.0896043, 9.5691361], [77.0909231, 9.5699092], [77.0912702, 9.5708303], [77.0913411, 9.5720477], [77.0908854, 9.573159], [77.0906978, 9.5733412], [77.0903881, 9.5736418], [77.089971, 9.5737791], [77.0886489, 9.5742143], [77.0875459, 9.5754658], [77.0872058, 9.5765275], [77.0868167, 9.5782873], [77.0873229, 9.5804083], [77.0868537, 9.5822672], [77.0868301, 9.5832636], [77.0867379, 9.5833937], [77.0858222, 9.5846853], [77.0849461, 9.5853576], [77.0847593, 9.5860839], [77.0850807, 9.5869633], [77.0866446, 9.5887438], [77.0866495, 9.5887836], [77.0865853, 9.5905525], [77.0866338, 9.5915473], [77.0873791, 9.5939902], [77.0877787, 9.5957507], [77.087916, 9.5963553], [77.0883608, 9.5980524], [77.0887577, 9.5992584], [77.0884953, 9.6002377], [77.0873418, 9.6014992], [77.0858987, 9.6040235], [77.08467, 9.6061238], [77.0837263, 9.6073676], [77.0833775, 9.6084424], [77.0833558, 9.6085092], [77.082412, 9.6090812], [77.0807511, 9.6097979], [77.0794997, 9.6095112], [77.0783696, 9.6091809], [77.0779672, 9.6087419], [77.0773369, 9.6084643], [77.0760889, 9.6082908], [77.0741374, 9.6075185], [77.0727743, 9.6073473], [77.0717461, 9.6088891], [77.0716785, 9.6094607], [77.0716623, 9.6098819], [77.0717955, 9.6102282], [77.0716131, 9.6107254], [77.0713127, 9.6110639], [77.0705509, 9.6118255], [77.0701662, 9.6121419], [77.0700731, 9.6124984], [77.0696633, 9.612993], [77.0692593, 9.6131602], [77.0689416, 9.6132853], [77.068094, 9.6134228], [77.0679223, 9.6134863], [77.0674825, 9.6135709], [77.0671384, 9.6137128], [77.0669157, 9.6138047], [77.0660663, 9.6141104], [77.0658088, 9.6141633], [77.0656314, 9.6142216], [77.0654225, 9.6142902], [77.0650363, 9.6146076], [77.0647676, 9.6147557], [77.0646715, 9.6148086], [77.0644033, 9.6149884], [77.0639956, 9.615274], [77.0636952, 9.6156865], [77.0633173, 9.6160054], [77.0624399, 9.6167761], [77.0619212, 9.6170706], [77.0614421, 9.6171463], [77.0610881, 9.6170934], [77.0607448, 9.6170617], [77.0602298, 9.6170934], [77.0598006, 9.6171781], [77.0593929, 9.6174425], [77.0588994, 9.6176646], [77.058202, 9.6176646], [77.0574295, 9.6178974], [77.0568447, 9.6179777], [77.0565919, 9.6179385], [77.0562411, 9.6181954], [77.0552838, 9.6191773], [77.0551121, 9.6197379], [77.0548761, 9.6200341], [77.054529, 9.6203478], [77.0542571, 9.6205461], [77.054031, 9.6207489], [77.0537707, 9.6209792], [77.0535555, 9.621162], [77.0534725, 9.621225], [77.0533894, 9.6212805], [77.0532984, 9.6213249], [77.0532019, 9.6213566], [77.0529414, 9.6214219], [77.0527607, 9.6214592], [77.0525939, 9.6214959], [77.052396, 9.6215325], [77.0522482, 9.6215589], [77.0520639, 9.6215808], [77.0518827, 9.6216102], [77.0510888, 9.6218958], [77.0506596, 9.6220651], [77.049973, 9.6223718], [77.0494473, 9.6226257], [77.0488473, 9.622935], [77.0477288, 9.6234425], [77.0474848, 9.6235459], [77.0473416, 9.6236384], [77.0472458, 9.6237388], [77.0471561, 9.6238949], [77.0471117, 9.6240082], [77.0470956, 9.6241563], [77.0471147, 9.6242727], [77.047145, 9.6243999], [77.0471934, 9.6245471], [77.0472906, 9.6247865], [77.0473502, 9.6249713], [77.0473982, 9.6251667], [77.0474344, 9.6253095], [77.0474851, 9.6254259], [77.0475407, 9.6255068], [77.0476318, 9.6255743], [77.04771, 9.6256145], [77.0478695, 9.6256927], [77.0480329, 9.6257831], [77.0482097, 9.6258909], [77.0483717, 9.6260213], [77.0485276, 9.6261811], [77.0487096, 9.6263738], [77.0488633, 9.6265484], [77.0489386, 9.6266566], [77.0490151, 9.6267888], [77.0490636, 9.6269006], [77.0490932, 9.6269732], [77.0491576, 9.6274175], [77.0492217, 9.6279971], [77.0493564, 9.6284409], [77.049737, 9.6288243], [77.0500531, 9.6294847], [77.0504987, 9.6297657], [77.0508423, 9.630216], [77.0511424, 9.6304109], [77.0515233, 9.6309028], [77.0520129, 9.6316431], [77.05198, 9.6318891], [77.0513302, 9.6320187], [77.0508314, 9.6322937], [77.0505362, 9.6324841], [77.0502949, 9.632849], [77.0502512, 9.6329697], [77.0502273, 9.6330636], [77.0502014, 9.6332418], [77.0501904, 9.6333983], [77.0501742, 9.6335962], [77.0501735, 9.6338012], [77.0501726, 9.6339162], [77.0501755, 9.6340267], [77.0501905, 9.6341573], [77.0502125, 9.6342752], [77.0502408, 9.6344354], [77.0502784, 9.6345785], [77.0503298, 9.6347472], [77.0503686, 9.6348794], [77.050409, 9.635015], [77.050457, 9.635178], [77.0505132, 9.635372], [77.0505769, 9.6355605], [77.0506406, 9.6357181], [77.0507134, 9.6358677], [77.0507998, 9.6360035], [77.0509095, 9.6361096], [77.0510463, 9.6362098], [77.0511882, 9.6362782], [77.0513411, 9.6363447], [77.051484, 9.6364032], [77.051645, 9.6364806], [77.0517788, 9.636559], [77.0518875, 9.6366324], [77.0519971, 9.6367266], [77.0520776, 9.6368417], [77.0521491, 9.6369696], [77.0521897, 9.6370976], [77.0522052, 9.6372263], [77.0521986, 9.6373216], [77.0521861, 9.6374379], [77.0521577, 9.6375576], [77.0521167, 9.6376678], [77.0520778, 9.6377489], [77.0519956, 9.6378994], [77.0519273, 9.6380041], [77.0517931, 9.638213], [77.0517008, 9.6383477], [77.0515823, 9.6384904], [77.0514496, 9.6386368], [77.0513678, 9.6387191], [77.0512343, 9.6388537], [77.0510083, 9.6390635], [77.0508375, 9.6392115], [77.0507018, 9.6393326], [77.0505695, 9.6394688], [77.0504642, 9.6395715], [77.0503404, 9.6396739], [77.0502221, 9.639768], [77.0501072, 9.6398389], [77.0500205, 9.6398906], [77.0499377, 9.6399206], [77.0498154, 9.6399412], [77.0496647, 9.6399576], [77.0495415, 9.639965], [77.0493875, 9.6399691], [77.0491912, 9.6399673], [77.0490348, 9.6399742], [77.0488615, 9.639986], [77.0486971, 9.6400144], [77.0485168, 9.6400449], [77.0483184, 9.6400766], [77.0461677, 9.6404452], [77.0445232, 9.6403622], [77.043933, 9.6407625], [77.0410679, 9.6427056], [77.0373049, 9.6457316], [77.0354547, 9.6468067], [77.0333742, 9.6478833], [77.0326567, 9.6480328], [77.0320194, 9.6480132], [77.0311117, 9.6478884], [77.0308967, 9.6478818], [77.0303128, 9.6480014], [77.0290098, 9.6482683], [77.0282624, 9.6489085], [77.027858, 9.6499232], [77.0267507, 9.6511154], [77.0253932, 9.6518617], [77.0238866, 9.6524925], [77.0228687, 9.6528252], [77.0201143, 9.6535228], [77.0197605, 9.6537564], [77.018742, 9.6544288], [77.017085, 9.6551385], [77.0166835, 9.6553105], [77.0146496, 9.6564339], [77.0136965, 9.6572344], [77.0132677, 9.6579591], [77.0132197, 9.6580686], [77.0128756, 9.658853], [77.0130839, 9.6595294]]}}, {"type": "Feature", "properties": {"id": "OSM-850737308-358", "upstream_node": "osm:1745142167", "downstream_node": "osm:1745142193", "name": "Periyar", "osm_way_id": 850737308, "source": "OpenStreetMap", "source_url": "https://www.openstreetmap.org/way/850737308", "mainstem": true, "demo": false}, "geometry": {"type": "LineString", "coordinates": [[77.0130839, 9.6595294], [77.0153357, 9.6586927], [77.0177808, 9.6592124], [77.0180068, 9.6592604], [77.0188183, 9.6597548], [77.0194889, 9.6605745], [77.0197372, 9.6608781], [77.0193696, 9.662231], [77.0194922, 9.6635234], [77.0206929, 9.6651299], [77.0213791, 9.6661808], [77.0213865, 9.6663133], [77.0214649, 9.6677269], [77.0216977, 9.6685361], [77.0220285, 9.6690555], [77.0227514, 9.6698044], [77.0232882, 9.670415], [77.0233885, 9.6705291], [77.0233751, 9.6706195], [77.0232538, 9.671435], [77.0229842, 9.6722322], [77.0229442, 9.6723192], [77.0226407, 9.6729789], [77.0223471, 9.6734401], [77.0223593, 9.6739836], [77.0232783, 9.6746479], [77.0250917, 9.6761577], [77.0264027, 9.677438], [77.027089, 9.67822], [77.0277383, 9.6789599], [77.0286505, 9.6804074], [77.028743, 9.6805542], [77.028792, 9.68175], [77.0279466, 9.6821848], [77.026366, 9.6828129], [77.0260964, 9.6835013], [77.0260964, 9.6854701], [77.0266174, 9.6879053], [77.0269418, 9.6888761], [77.026611, 9.6907361], [77.0259739, 9.6919318], [77.0253722, 9.6928378], [77.0249405, 9.6934878], [77.0237439, 9.6952894], [77.0226289, 9.6963402], [77.0214068, 9.6978457], [77.021684, 9.6986314], [77.0224378, 9.69981], [77.0233302, 9.7003651], [77.0244825, 9.7003394], [77.0260161, 9.6993317], [77.0280261, 9.6984179], [77.0290225, 9.6979055], [77.029395, 9.6980251], [77.0296203, 9.6983752], [77.0301841, 9.6995114], [77.0299755, 9.7017998], [77.0292363, 9.7039116], [77.0281378, 9.7070496], [77.028598, 9.707825], [77.0308235, 9.711575], [77.0316773, 9.714517]]}}, {"type": "Feature", "properties": {"id": "OSM-850737309-0", "upstream_node": "osm:7936496962", "downstream_node": "osm:7936496961", "name": "Periyar", "osm_way_id": 850737309, "source": "OpenStreetMap", "source_url": "https://www.openstreetmap.org/way/850737309", "mainstem": false, "demo": false}, "geometry": {"type": "LineString", "coordinates": [[77.1461121, 9.5311719], [77.1460215, 9.5311598]]}}, {"type": "Feature", "properties": {"id": "OSM-870808630-0", "upstream_node": "osm:10594809955", "downstream_node": "osm:1521445474", "name": "Pathipaalam -Palakkattuthazham Thodu", "osm_way_id": 870808630, "source": "OpenStreetMap", "source_url": "https://www.openstreetmap.org/way/870808630", "mainstem": false, "demo": false}, "geometry": {"type": "LineString", "coordinates": [[76.5042615, 10.1041257], [76.5039504, 10.1039039], [76.5037572, 10.103888], [76.5035158, 10.1038563], [76.5032959, 10.1038194], [76.5027916, 10.104057], [76.5023678, 10.1041838], [76.5022927, 10.1043739], [76.5019977, 10.104601], [76.5017027, 10.104601], [76.5012091, 10.1043211], [76.5006995, 10.1042102], [76.5000679, 10.103958], [76.4997254, 10.1039328], [76.4994714, 10.1038572], [76.4993533, 10.1037641], [76.4992765, 10.1037777], [76.4990422, 10.103863], [76.4990521, 10.103925], [76.4991033, 10.1041285], [76.4990639, 10.1041615], [76.4990071, 10.1042073], [76.4989407, 10.1042502], [76.498816, 10.1042793], [76.4986631, 10.1042832], [76.4985518, 10.1043176], [76.4984686, 10.1043836], [76.4985303, 10.1044456], [76.4985384, 10.1045209], [76.4985343, 10.1046727], [76.4985249, 10.1047163], [76.498478, 10.1047335], [76.4983546, 10.1047387], [76.4982621, 10.1047625], [76.4982084, 10.1048219], [76.4981843, 10.1049447], [76.4981535, 10.1049764], [76.4980877, 10.1049883], [76.4980395, 10.104979], [76.4979778, 10.1049209], [76.4979308, 10.1048866], [76.4978691, 10.1048892], [76.4977967, 10.1049407], [76.4977163, 10.1050318], [76.497621, 10.1050807], [76.4975339, 10.1050939], [76.4974051, 10.1050767], [76.4973354, 10.1050464], [76.4972965, 10.1050503], [76.497208, 10.1051361], [76.4970819, 10.1051692], [76.4970055, 10.1051652], [76.4968807, 10.1051507], [76.496815, 10.1051652], [76.4966487, 10.1052233], [76.4964637, 10.1052695], [76.4964073, 10.1053117], [76.4963872, 10.1053883], [76.4963456, 10.1054609], [76.4962759, 10.1054583], [76.4961901, 10.1054398], [76.4961512, 10.105424], [76.496068, 10.1053844], [76.4960399, 10.1053896], [76.496001, 10.1054306], [76.4959567, 10.1054715], [76.4959165, 10.1054715], [76.4958173, 10.1054372], [76.4957422, 10.1054372], [76.4956215, 10.1054728], [76.4954907, 10.1055635], [76.4950883, 10.1057576], [76.4949971, 10.1059582], [76.4947879, 10.1061061], [76.4944392, 10.1061748], [76.4943373, 10.1062487], [76.494112, 10.1063755], [76.4940369, 10.1064811], [76.4940691, 10.1069722], [76.4940315, 10.1070515], [76.4939082, 10.1070884], [76.4936024, 10.1069934], [76.4934361, 10.1070779], [76.4932162, 10.1070303], [76.4930606, 10.1070567], [76.4927548, 10.1070831], [76.4921701, 10.1070779], [76.4916819, 10.1072838], [76.4913118, 10.1075954], [76.4911133, 10.1078595], [76.4909788, 10.1080565], [76.4907307, 10.1080209], [76.4905412, 10.1080209], [76.4903112, 10.1079854], [76.4900721, 10.107941], [76.4899458, 10.1079144], [76.4899052, 10.1079899], [76.4898691, 10.1081453], [76.4898195, 10.1081986], [76.4897608, 10.1081986], [76.4895714, 10.1081586], [76.4893503, 10.1081098], [76.4891925, 10.1080298], [76.4891383, 10.1079632], [76.4891338, 10.1077545], [76.4891338, 10.1076035], [76.4890797, 10.1075191], [76.4889759, 10.1075014], [76.4888135, 10.1074569], [76.4885699, 10.107306], [76.4883399, 10.1071106], [76.4879474, 10.1069285], [76.4874873, 10.1067464], [76.4872798, 10.1067064], [76.4870723, 10.106702], [76.4867926, 10.1067331], [76.4865355, 10.1067286], [76.4864002, 10.1066665], [76.4863461, 10.1066221], [76.4862874, 10.1065288], [76.4861295, 10.1065021], [76.4860438, 10.1063956], [76.4859897, 10.1063334], [76.4859311, 10.1061913], [76.4858724, 10.1061957], [76.4857416, 10.1061957], [76.4856514, 10.1061424], [76.4855341, 10.1060803], [76.4853852, 10.1061025], [76.485295, 10.1060936], [76.4851913, 10.105987], [76.485065, 10.1058316], [76.4849341, 10.1057916], [76.4848169, 10.1057827], [76.484686, 10.1056628], [76.4845688, 10.1056273], [76.4844985, 10.1054517], [76.4837576, 10.1054571], [76.4835625, 10.1054063], [76.4833076, 10.1054623], [76.4828356, 10.1054517], [76.4821811, 10.1054834], [76.4818271, 10.1057158], [76.4815073, 10.105739], [76.4811619, 10.1056101], [76.4809923, 10.1055911], [76.4808831, 10.1055201], [76.4806563, 10.1054185], [76.4805477, 10.1053625], [76.4804349, 10.1052464], [76.4803143, 10.1052299], [76.4801104, 10.1052827], [76.4801426, 10.1053989], [76.4801748, 10.1055151], [76.4800268, 10.1055383], [76.4793465, 10.10551], [76.4792006, 10.1053693], [76.4790161, 10.1053038], [76.4788251, 10.1054538], [76.4788057, 10.1056865], [76.4789839, 10.1059376], [76.478941, 10.106096], [76.478514, 10.1064256], [76.4783023, 10.1065046], [76.4781826, 10.106704], [76.4782044, 10.1069829], [76.4783043, 10.1071091], [76.4784167, 10.1072358], [76.478396, 10.1073656], [76.4782744, 10.1074898], [76.4782069, 10.1076471], [76.4782128, 10.1078509], [76.4781178, 10.1079292], [76.4778651, 10.1078615], [76.4777025, 10.1078883], [76.4775191, 10.108217], [76.4773237, 10.1082604], [76.4771311, 10.1082359], [76.476931, 10.1081113], [76.4767198, 10.1081296], [76.4765156, 10.1082587], [76.4764541, 10.1084324], [76.476497, 10.1087704], [76.4764252, 10.1089194], [76.4761674, 10.1089313], [76.4759927, 10.1089499], [76.4759176, 10.1091084], [76.4758318, 10.109214], [76.4756279, 10.1092034], [76.4753068, 10.1091189], [76.4751866, 10.1089807], [76.4749808, 10.1087175], [76.4748125, 10.1087387], [76.4745981, 10.1088639], [76.4744195, 10.1088839], [76.4742004, 10.1088868], [76.4740486, 10.108969], [76.4740661, 10.1090983], [76.4741044, 10.1091612], [76.4741581, 10.1093408], [76.4740701, 10.1095604], [76.4740133, 10.1097046], [76.4739939, 10.1097745], [76.4739171, 10.1098953], [76.4738043, 10.1099791], [76.4735589, 10.1098958], [76.4734504, 10.1097989], [76.4734024, 10.1097792], [76.4733225, 10.1097668], [76.4731901, 10.1098589], [76.4731281, 10.1100907], [76.473094, 10.1101832], [76.4730028, 10.1101939], [76.4727607, 10.110086], [76.4725893, 10.1099759], [76.4724069, 10.1100333], [76.4722913, 10.1102702], [76.4720858, 10.1103421], [76.4720751, 10.1107223], [76.472, 10.1108702], [76.4718069, 10.1108807], [76.4716504, 10.110804], [76.4714646, 10.1107766], [76.4713257, 10.1108934], [76.4711739, 10.1110603], [76.4709413, 10.111049], [76.4707419, 10.1109496], [76.4705945, 10.1109969], [76.4703585, 10.111092], [76.4698757, 10.1111553], [76.4695661, 10.1112948], [76.469307, 10.1115356], [76.4690024, 10.1117382], [76.4686616, 10.1118608], [76.4681415, 10.112087], [76.4677943, 10.1123172], [76.4676307, 10.1124373], [76.4675793, 10.1125397], [76.4675732, 10.1126433], [76.4675529, 10.1127444], [76.467482, 10.112788], [76.4670568, 10.1128938], [76.4669145, 10.112972], [76.4669306, 10.1131146], [76.4670701, 10.1132202], [76.4670417, 10.1133136], [76.4668862, 10.1134615], [76.4666662, 10.1135988], [76.4665697, 10.1136886], [76.4664624, 10.1137731], [76.4663887, 10.1138539], [76.4662823, 10.1139184], [76.4661491, 10.1139353], [76.4660026, 10.1139279], [76.4658416, 10.1140071], [76.4656641, 10.1141352], [76.4655805, 10.1141892], [76.4653497, 10.1143895], [76.4652102, 10.1147591], [76.4651335, 10.115], [76.4648455, 10.1152133], [76.4647811, 10.1153506], [76.4647902, 10.1155069], [76.4646936, 10.1156337], [76.4645327, 10.1157499], [76.464309, 10.11609], [76.4642216, 10.116542], [76.4640499, 10.1168166], [76.4638568, 10.1168906], [76.463771, 10.1170279], [76.4638568, 10.1171863], [76.4638568, 10.1173764], [76.4639549, 10.117595], [76.4639158, 10.1177883], [76.4637369, 10.1178475], [76.463558, 10.1179383], [76.4632828, 10.1183367], [76.4629448, 10.1186227], [76.4626782, 10.1186671], [76.4624958, 10.1186671], [76.4621196, 10.1185608], [76.4620738, 10.1185725], [76.4618827, 10.1187389]]}}, {"type": "Feature", "properties": {"id": "OSM-876099787-0", "upstream_node": "osm:7499151693", "downstream_node": "osm:7486311955", "name": "Periyar", "osm_way_id": 876099787, "source": "OpenStreetMap", "source_url": "https://www.openstreetmap.org/way/876099787", "mainstem": true, "demo": false}, "geometry": {"type": "LineString", "coordinates": [[77.3098147, 9.4292706], [77.3101419, 9.428879], [77.3105764, 9.4283921], [77.311188, 9.4279846], [77.3115957, 9.427847], [77.3118424, 9.4278259], [77.3121053, 9.4278841], [77.3123199, 9.4279952], [77.312454, 9.4281222], [77.3125774, 9.428355], [77.3128885, 9.4286514], [77.3137146, 9.4292758], [77.3139399, 9.4294769], [77.3143315, 9.429641], [77.314868, 9.4298897], [77.3151674, 9.4301881], [77.3152128, 9.4303416], [77.3154077, 9.4306559], [77.3154185, 9.4311028], [77.3153793, 9.4317928], [77.3152274, 9.432107], [77.3148197, 9.4328585], [77.3142457, 9.4333718], [77.3139077, 9.4339274], [77.3137253, 9.4344778], [77.3133337, 9.4351604], [77.3127437, 9.4360812], [77.3123789, 9.4364093], [77.3120463, 9.4365681], [77.3118532, 9.4365786], [77.3116547, 9.4365151], [77.311483, 9.436277], [77.3112416, 9.4358537], [77.310909, 9.4356049], [77.310555, 9.435298], [77.3102868, 9.4350017], [77.3100346, 9.4349223], [77.3098141, 9.434825], [77.3093748, 9.4348588], [77.3089272, 9.4352433], [77.3087819, 9.4355414], [77.308495, 9.4360071], [77.3079801, 9.4370179], [77.3069501, 9.4399336], [77.3066658, 9.4409814], [77.3066137, 9.4410499], [77.3064405, 9.4412778], [77.3059952, 9.4416535], [77.305389, 9.442008], [77.305068, 9.4421758], [77.3049438, 9.4422408], [77.3043376, 9.4422938], [77.3036241, 9.4421985], [77.3025888, 9.4421932], [77.3020041, 9.4424314], [77.3005128, 9.4426483], [77.3000461, 9.4428388], [77.2996652, 9.4428864], [77.2994345, 9.4430134], [77.2992253, 9.4432622], [77.2993326, 9.4439977], [77.2994092, 9.4446386], [77.2995364, 9.4454106], [77.2998685, 9.4467322], [77.3001373, 9.4469293], [77.3003679, 9.4471568], [77.3007595, 9.4474532], [77.301017, 9.4477495], [77.3011243, 9.448157], [77.3011404, 9.448358], [77.3011029, 9.4486173], [77.3009688, 9.4489137], [77.3008475, 9.4496738], [77.3004967, 9.4510885], [77.3002446, 9.4514219], [77.3000246, 9.4515806], [77.2993487, 9.4517606], [77.2983134, 9.4518611], [77.297211, 9.4518331], [77.2950625, 9.4513637], [77.2946012, 9.4514166], [77.2941506, 9.4515277], [77.2935337, 9.4517394], [77.2932976, 9.4518664], [77.2931957, 9.4521998], [77.2930616, 9.4527501], [77.2930455, 9.4531099], [77.2931796, 9.4535597], [77.2934854, 9.4540412], [77.2938824, 9.4544857], [77.2945797, 9.4551789], [77.2954702, 9.4559515], [77.2968328, 9.4570839], [77.2974551, 9.4577823], [77.2978359, 9.4583591], [77.2979432, 9.4587401], [77.2980183, 9.4591052], [77.2981954, 9.459682], [77.2984046, 9.4605022], [77.2983724, 9.4608937], [77.2981954, 9.461317], [77.2978145, 9.4617245], [77.2971225, 9.4622113], [77.2970089, 9.4622664], [77.2961086, 9.4627034], [77.2952503, 9.462878], [77.2948104, 9.4627669], [77.2941828, 9.4624547], [77.2936302, 9.4622483], [77.2927988, 9.4622113], [77.2924018, 9.4623859], [77.2920477, 9.4626399], [77.291801, 9.4629468], [77.2916293, 9.4632749], [77.2915006, 9.4636929], [77.2914576, 9.4640897], [77.2913718, 9.4647459], [77.2911894, 9.4655925], [77.2909319, 9.466492], [77.290594, 9.4671693], [77.2902453, 9.4679048], [77.2900307, 9.4683281], [77.289843, 9.4687461], [77.2897893, 9.4691959], [77.289843, 9.4696615], [77.2899932, 9.4700901], [77.2903043, 9.4704235], [77.2907495, 9.4706933], [77.2913718, 9.4709156], [77.2918653, 9.4711378], [77.2920585, 9.4713601], [77.292155, 9.4716775], [77.2921497, 9.4720585], [77.2920531, 9.4726247], [77.2918385, 9.4732014], [77.2916669, 9.4735401], [77.2912484, 9.4742544], [77.2910285, 9.474429], [77.2906208, 9.4746195], [77.2900897, 9.4748364], [77.2895372, 9.4750163], [77.2885126, 9.4752491], [77.2878474, 9.4754661], [77.287488, 9.4756618], [77.2873861, 9.4758259], [77.287327, 9.476064], [77.287311, 9.4764555], [77.2874021, 9.4769741], [77.287665, 9.4774556], [77.2881854, 9.4779953], [77.2882873, 9.4783286], [77.2884375, 9.4787889], [77.2884589, 9.4792916], [77.288416, 9.4797784], [77.2882283, 9.4805985], [77.2880298, 9.4812811], [77.2878259, 9.4816038], [77.2875738, 9.4817679], [77.2873539, 9.4817626], [77.2872359, 9.481715], [77.286973, 9.4813657], [77.2868228, 9.4813393], [77.2865653, 9.4813128], [77.2857767, 9.4811753], [77.2856006, 9.4811624], [77.2849077, 9.4811118], [77.284441, 9.4811594], [77.2837061, 9.4813816], [77.2829872, 9.4816567], [77.2824186, 9.4819583], [77.281689, 9.4823922], [77.2810412, 9.4826709], [77.2808897, 9.4827361], [77.2804557, 9.4827918], [77.2803533, 9.4828049], [77.2797632, 9.482715], [77.2790337, 9.482424], [77.278583, 9.4821224], [77.2782937, 9.4820009], [77.2780788, 9.4819107], [77.2776282, 9.481715], [77.2764534, 9.4814398], [77.2756273, 9.4812546], [77.275241, 9.4812546], [77.2746295, 9.4813446], [77.2743342, 9.4814871], [77.2741252, 9.481588], [77.2736907, 9.481916], [77.2731972, 9.4822441], [77.2727358, 9.4823922]]}}, {"type": "Feature", "properties": {"id": "OSM-876100708-0", "upstream_node": "osm:7499149249", "downstream_node": "osm:7499151693", "name": "Periyar", "osm_way_id": 876100708, "source": "OpenStreetMap", "source_url": "https://www.openstreetmap.org/way/876100708", "mainstem": true, "demo": false}, "geometry": {"type": "LineString", "coordinates": [[77.2979662, 9.4152314], [77.2985172, 9.4161781], [77.2992039, 9.4169719], [77.2994506, 9.4172788], [77.2993221, 9.417757], [77.2994828, 9.4182102], [77.299531, 9.4190698], [77.2996508, 9.4199682], [77.2997403, 9.4205493], [77.299794, 9.4210203], [77.2998763, 9.4217149], [77.3002253, 9.4221951], [77.300688, 9.4227529], [77.3012, 9.4233504], [77.3013437, 9.4235026], [77.3013657, 9.4238886], [77.3010278, 9.4243014], [77.3008596, 9.4248881], [77.3005611, 9.4253863], [77.3005289, 9.4258784], [77.2997296, 9.4267145], [77.2994614, 9.4271485], [77.2991567, 9.4275009], [77.2990253, 9.4279297], [77.2986621, 9.428625], [77.2982812, 9.4291912], [77.2977018, 9.4297045], [77.2971975, 9.430239], [77.2971975, 9.4305565], [77.297219, 9.4309534], [77.2972566, 9.4315778], [77.297573, 9.4318795], [77.2978359, 9.4320224], [77.2982007, 9.4325145], [77.2985494, 9.432615], [77.2989303, 9.4326521], [77.2998422, 9.4325833], [77.300427, 9.4324616], [77.3018378, 9.4319271], [77.3020762, 9.4317635], [77.3022616, 9.431472], [77.3027337, 9.4311651], [77.302959, 9.4310963], [77.3032647, 9.4310645], [77.3036885, 9.4311333], [77.3041391, 9.4312444], [77.3045683, 9.4313027], [77.3051047, 9.4312444], [77.3069662, 9.4312074], [77.3072505, 9.431128], [77.3076636, 9.4308793], [77.3083073, 9.4304559], [77.3092568, 9.4299585], [77.3096055, 9.4296251], [77.309733, 9.4294091], [77.3098147, 9.4292706]]}}, {"type": "Feature", "properties": {"id": "OSM-877914235-0", "upstream_node": "osm:7486311955", "downstream_node": "osm:370763857", "name": "Periyar", "osm_way_id": 877914235, "source": "OpenStreetMap", "source_url": "https://www.openstreetmap.org/way/877914235", "mainstem": true, "demo": false}, "geometry": {"type": "LineString", "coordinates": [[77.2727358, 9.4823922], [77.2725836, 9.4824195], [77.2724408, 9.4824451], [77.2718024, 9.4825033], [77.2705901, 9.4825774], [77.2698176, 9.4825192], [77.2692543, 9.4823816], [77.268852, 9.4823922], [77.2685677, 9.482461], [77.2680956, 9.4825933], [77.2672856, 9.4827573], [77.2667813, 9.4829584], [77.2658318, 9.4834716], [77.2650379, 9.4837785], [77.2643888, 9.4839108], [77.2629201, 9.4839786], [77.2622189, 9.4841674], [77.2617871, 9.4843235], [77.2612989, 9.484551], [77.2611165, 9.4847547], [77.2609556, 9.4849981], [77.2608429, 9.485379], [77.2608885, 9.4855695], [77.2612104, 9.4859425], [77.2616905, 9.4863499], [77.2621357, 9.4866859], [77.2624952, 9.4869849], [77.262809, 9.4873579], [77.2630289, 9.4876595], [77.2634527, 9.4882918], [77.2637302, 9.4889173], [77.2640026, 9.4894452], [77.2641689, 9.4899743], [77.2642225, 9.4903076], [77.2641635, 9.4908314], [77.2639757, 9.4912071], [77.2637236, 9.4916198], [77.2633427, 9.4920166], [77.2630638, 9.4922388], [77.2625595, 9.4925933], [77.2624791, 9.4928103], [77.262463, 9.4931119], [77.2625059, 9.4942494], [77.2626024, 9.4962071], [77.2625746, 9.4977203]]}}, {"type": "Feature", "properties": {"id": "OSM-882858257-0", "upstream_node": "osm:2025933035", "downstream_node": "osm:5830419849", "name": "Mullayar", "osm_way_id": 882858257, "source": "OpenStreetMap", "source_url": "https://www.openstreetmap.org/way/882858257", "mainstem": false, "demo": false}, "geometry": {"type": "LineString", "coordinates": [[77.4047627, 9.5080854], [77.4042459, 9.5071978], [77.4033162, 9.5064154], [77.4019655, 9.5053676], [77.4007232, 9.5033145], [77.3989924, 9.5018777], [77.3968389, 9.5001374], [77.3959725, 9.4992087], [77.3954547, 9.4980913], [77.3940619, 9.495807], [77.3935469, 9.4936907], [77.3937407, 9.4924873], [77.3933552, 9.4914601], [77.3928892, 9.4899563], [77.392455, 9.4895059], [77.3919341, 9.4875552], [77.3917603, 9.4862831], [77.390988, 9.4852761], [77.3903637, 9.4840868], [77.3903563, 9.4831789], [77.3904563, 9.4828256], [77.3907445, 9.4818541], [77.3904516, 9.4813406], [77.3899515, 9.4806799], [77.3892552, 9.4805928], [77.3887395, 9.4801798], [77.3868776, 9.4807487], [77.3860368, 9.4807724], [77.3849554, 9.4810178], [77.3840641, 9.4809619], [77.3830341, 9.479918], [77.3828634, 9.4797592], [77.3825182, 9.4796751], [77.3820791, 9.479568], [77.381393, 9.4800433], [77.3794442, 9.482228], [77.3793099, 9.4822983], [77.3790584, 9.4824354], [77.3787957, 9.4824814], [77.3785069, 9.4824261], [77.3776312, 9.4821312], [77.3774386, 9.4823269], [77.3773074, 9.4825635], [77.3770644, 9.4831274], [77.376791, 9.4835836], [77.376555, 9.4841964], [77.3766599, 9.4850696], [77.376612, 9.4855476], [77.3764706, 9.4858967], [77.376107, 9.4861472], [77.3757528, 9.4862979], [77.3756708, 9.4864618], [77.3754794, 9.4864566], [77.3742916, 9.4862077], [77.3740572, 9.4861207], [77.3729576, 9.4858561], [77.3718317, 9.4859529], [77.3713989, 9.4862183], [77.3712048, 9.4865413], [77.3712567, 9.4868336], [77.3717464, 9.4874709], [77.3718205, 9.4880376], [77.3718541, 9.4886238], [77.3717221, 9.4894267], [77.3714797, 9.4896222], [77.3713392, 9.4897686], [77.3694712, 9.4909533], [77.3680707, 9.4925846], [77.3672048, 9.4942665], [77.3661618, 9.4953324], [77.3661356, 9.4953907], [77.3655596, 9.4966726], [77.3649331, 9.4965012], [77.3640647, 9.4960219], [77.3637636, 9.4950451], [77.3612088, 9.4944889], [77.3600957, 9.4942465], [77.3598793, 9.4943136], [77.3589421, 9.4946045], [77.3583315, 9.4952695], [77.3584965, 9.4959259], [77.3585798, 9.4963336], [77.3581459, 9.4965873], [77.3569464, 9.4965849], [77.3560389, 9.4953837], [77.3543884, 9.4952318], [77.3527636, 9.495307], [77.3522414, 9.49601], [77.3513725, 9.4964853], [77.3507294, 9.496399], [77.3500307, 9.4952144], [77.3477991, 9.4926748], [77.3465558, 9.4926566], [77.3458718, 9.4928804], [77.3452521, 9.4930262], [77.3431643, 9.4933521], [77.3419621, 9.4946436], [77.3415197, 9.4954631], [77.3416764, 9.4963001], [77.3426052, 9.4966381], [77.3443614, 9.4963777], [77.3454916, 9.4959014], [77.3461988, 9.4961899], [77.3462735, 9.4971139], [77.3453562, 9.4985003], [77.3445655, 9.4991106], [77.3435087, 9.4991494], [77.3425047, 9.4994663], [77.3418638, 9.4999334], [77.3418286, 9.4999591], [77.3415931, 9.5007126], [77.3422727, 9.5010299], [77.3422563, 9.5014913], [77.3418131, 9.5017516], [77.3415441, 9.5018266], [77.3416193, 9.5021561], [77.3429926, 9.5031719], [77.3441626, 9.5034192], [77.3437043, 9.5047814], [77.3436793, 9.5060501], [77.3444878, 9.5075656], [77.3443024, 9.5079062], [77.3440226, 9.5084204], [77.3425115, 9.5083669], [77.3418976, 9.5073652], [77.3411426, 9.5065714], [77.340246, 9.5063887], [77.3380144, 9.5070659], [77.3357635, 9.5076183], [77.3356158, 9.5080073], [77.3358521, 9.5083963], [77.3371119, 9.5106908], [77.3378806, 9.5117375], [77.340246, 9.5123143], [77.3404705, 9.5131814], [77.3402161, 9.514147], [77.3388727, 9.5153873], [77.3363716, 9.5145501], [77.3350264, 9.5154661], [77.3322897, 9.515842], [77.3313527, 9.5162367], [77.3309743, 9.5171235], [77.3313196, 9.5194248], [77.3311812, 9.5196029], [77.330676, 9.5198695], [77.3286554, 9.5211872], [77.3267835, 9.5224079], [77.3266848, 9.5224722], [77.3257948, 9.5212716], [77.3242815, 9.5194248], [77.3202174, 9.518963], [77.3193463, 9.5204829], [77.3181842, 9.5222346], [77.31739, 9.5240993], [77.3158701, 9.523488], [77.3151858, 9.5223912], [77.3146225, 9.5208825], [77.3149319, 9.5199857], [77.3162456, 9.5184556], [77.3161176, 9.5175139], [77.3163293, 9.5169785], [77.3160041, 9.5169421], [77.3139818, 9.516716], [77.3123208, 9.5161725], [77.3096903, 9.5146844], [77.3081454, 9.5148537], [77.3075838, 9.5149187], [77.3074116, 9.5155755], [77.3076839, 9.5162457], [77.3088542, 9.5165279], [77.3091496, 9.5170229], [77.309347, 9.518409], [77.3104818, 9.5197576], [77.3107465, 9.5203874], [77.3103946, 9.5217023], [77.3095389, 9.5228397], [77.3092634, 9.5231287], [77.3087991, 9.5236997], [77.3081454, 9.5245037], [77.3050554, 9.5283975], [77.3042284, 9.5310498], [77.3017939, 9.5331376], [77.3001702, 9.5357621], [77.2995623, 9.5367446], [77.2987014, 9.5368979], [77.298043, 9.5362009], [77.297855, 9.5350305], [77.2971116, 9.5343793], [77.296187, 9.5340594], [77.2955496, 9.5342267], [77.2947986, 9.5346021], [77.2946733, 9.5348886], [77.2937258, 9.5358463], [77.2928675, 9.5356685], [77.2924735, 9.5349812], [77.2925242, 9.5346613], [77.2928622, 9.5336633], [77.2925971, 9.5328498], [77.2909792, 9.5314448], [77.2887476, 9.5319526], [77.2864989, 9.5314152], [77.2860552, 9.5307521], [77.2846277, 9.5299212], [77.2846621, 9.5291234], [77.2856577, 9.5282282], [77.2847994, 9.5256888], [77.2836631, 9.5247556], [77.2822384, 9.5244434], [77.2815388, 9.5246868], [77.2808146, 9.5251788], [77.2802826, 9.5259935], [77.280466, 9.5271998], [77.2810882, 9.5277024], [77.2816065, 9.5281097], [77.2820216, 9.529099], [77.2820496, 9.5294651], [77.281732, 9.5296916], [77.2812432, 9.5297183], [77.2798577, 9.5297941], [77.2771219, 9.5302481], [77.2764555, 9.5302937], [77.2760333, 9.530727], [77.2757142, 9.53189], [77.2764034, 9.5328235], [77.2766904, 9.5335473], [77.2766686, 9.5336371], [77.2765607, 9.5340826], [77.2756477, 9.5344391], [77.2749191, 9.5343682], [77.2738516, 9.5338657], [77.2736296, 9.5336815], [77.2732981, 9.5331376], [77.2728404, 9.532916], [77.2721779, 9.5328605], [77.2698735, 9.5331863], [77.2695215, 9.5329683], [77.2682948, 9.5322692], [77.2666033, 9.5311062], [77.2657127, 9.5307761], [77.2635788, 9.5307126], [77.2626507, 9.5307708], [77.2618568, 9.5302418], [77.261669, 9.5291414], [77.2625863, 9.5255809], [77.2619104, 9.5249566], [77.2601402, 9.5239779], [77.2587775, 9.52356]]}}, {"type": "Feature", "properties": {"id": "OSM-892664407-0", "upstream_node": "osm:8221570669", "downstream_node": "osm:5801378988", "name": "Periyar tributary", "osm_way_id": 892664407, "source": "OpenStreetMap", "source_url": "https://www.openstreetmap.org/way/892664407", "mainstem": false, "demo": false}, "geometry": {"type": "LineString", "coordinates": [[76.1745562, 10.1872538], [76.1771607, 10.1817337], [76.177447, 10.1800704], [76.1781907, 10.1755983], [76.1783372, 10.1752517], [76.1788022, 10.1741516], [76.1800394, 10.1727833], [76.1807978, 10.1719445], [76.1815333, 10.171529], [76.1826861, 10.1708779], [76.1840594, 10.1689771], [76.1849669, 10.1675328], [76.185067, 10.1673735], [76.1858847, 10.165978], [76.1863623, 10.1655223], [76.1866549, 10.1653582], [76.1881149, 10.1647371], [76.1915031, 10.1636888], [76.1924828, 10.1633798], [76.1927192, 10.1633052], [76.193245, 10.1628427], [76.1936486, 10.1620814], [76.1937093, 10.1616371], [76.1938548, 10.1607294], [76.1943682, 10.1575254], [76.1958933, 10.1543296], [76.1974814, 10.1517241], [76.1976957, 10.1513726], [76.1993505, 10.1486578], [76.1994982, 10.1474386], [76.1993909, 10.1450624], [76.1997288, 10.1440855], [76.2009144, 10.1420049], [76.2026739, 10.1391217], [76.2041974, 10.1372418], [76.2058282, 10.1352879], [76.2065041, 10.1338621], [76.2070405, 10.1308204], [76.2072588, 10.1297459], [76.2078345, 10.1269126], [76.2078995, 10.1263737], [76.2080521, 10.1251076], [76.2081349, 10.1244201], [76.2098408, 10.1202587], [76.2122869, 10.1145552], [76.2173999, 10.1055181], [76.2215137, 10.098247], [76.22302, 10.0953757], [76.2241053, 10.0933069], [76.2260897, 10.0895242], [76.2275323, 10.0867742], [76.2295817, 10.0828674], [76.2300109, 10.0783463], [76.2336918, 10.0719494], [76.2364053, 10.0672336], [76.2376419, 10.0653354], [76.2393116, 10.0637564], [76.2410818, 10.0621939], [76.2432321, 10.058538], [76.2450693, 10.051606], [76.2451601, 10.0512187], [76.2453871, 10.0481729], [76.2461359, 10.0381269], [76.2465334, 10.0327943], [76.2464859, 10.0322238], [76.245718, 10.02299], [76.2453667, 10.0191226], [76.245318, 10.018586], [76.2461471, 10.0143265], [76.2470232, 10.0121055], [76.249492, 10.0092825], [76.2531852, 10.0060431], [76.2589788, 9.9987316], [76.2624549, 9.9860946], [76.2589235, 9.9758598], [76.2587768, 9.9754347]]}}, {"type": "Feature", "properties": {"id": "OSM-952258415-0", "upstream_node": "osm:1710205711", "downstream_node": "osm:8813905147", "name": "Sholayar", "osm_way_id": 952258415, "source": "OpenStreetMap", "source_url": "https://www.openstreetmap.org/way/952258415", "mainstem": false, "demo": false}, "geometry": {"type": "LineString", "coordinates": [[76.8693934, 10.2987865], [76.8695716, 10.2972858], [76.8672027, 10.2953859], [76.8652141, 10.2961379], [76.8641403, 10.2957211], [76.8630283, 10.2948147], [76.8633789, 10.293015], [76.8622375, 10.2922142], [76.8608231, 10.2920404], [76.860187, 10.2919806], [76.8595126, 10.2921217], [76.8582467, 10.2929749], [76.8583645, 10.2932597], [76.8586738, 10.2937201], [76.8581888, 10.2940959], [76.857621, 10.2940549], [76.8570787, 10.2935682], [76.8562684, 10.2938879], [76.8552647, 10.2932679], [76.8544489, 10.2925574]]}}, {"type": "Feature", "properties": {"id": "OSM-958389095-0", "upstream_node": "osm:8867688899", "downstream_node": "osm:1710205711", "name": "Sholayar", "osm_way_id": 958389095, "source": "OpenStreetMap", "source_url": "https://www.openstreetmap.org/way/958389095", "mainstem": false, "demo": false}, "geometry": {"type": "LineString", "coordinates": [[76.8803839, 10.2980853], [76.879414, 10.2981304], [76.8784136, 10.2982096], [76.8769879, 10.298286], [76.8747357, 10.2987783], [76.8735887, 10.2987821], [76.873334, 10.2988098], [76.872975, 10.2989222], [76.8720971, 10.2991849], [76.8707949, 10.2992823], [76.8693934, 10.2987865]]}}, {"type": "Feature", "properties": {"id": "OSM-958389096-0", "upstream_node": "osm:8867688900", "downstream_node": "osm:8867688899", "name": "Periyar tributary", "osm_way_id": 958389096, "source": "OpenStreetMap", "source_url": "https://www.openstreetmap.org/way/958389096", "mainstem": false, "demo": false}, "geometry": {"type": "LineString", "coordinates": [[76.8804841, 10.2980807], [76.8803839, 10.2980853]]}}, {"type": "Feature", "properties": {"id": "OSM-998317049-0", "upstream_node": "osm:9858958068", "downstream_node": "osm:3377022281", "name": "Parambikkulam", "osm_way_id": 998317049, "source": "OpenStreetMap", "source_url": "https://www.openstreetmap.org/way/998317049", "mainstem": false, "demo": false}, "geometry": {"type": "LineString", "coordinates": [[76.8202685, 10.3875324], [76.8138293, 10.3895962], [76.8126296, 10.3899807], [76.8052482, 10.3898963], [76.7982959, 10.3916692], [76.793661, 10.3920069], [76.7860221, 10.3871947], [76.7798423, 10.3835645], [76.7748641, 10.3828891], [76.7714639, 10.3847354], [76.7690154, 10.3875902], [76.7682942, 10.3882622], [76.7674904, 10.3892222], [76.7669035, 10.3897556], [76.7663677, 10.3901258], [76.7659339, 10.3903454], [76.7651364, 10.3907345], [76.7645878, 10.3912113], [76.7640902, 10.3915062], [76.7635862, 10.3916317], [76.7629355, 10.3914811], [76.7622593, 10.3911925], [76.7618128, 10.3912929], [76.7613598, 10.3916129], [76.7610791, 10.3919078], [76.7610472, 10.3922906], [76.7611429, 10.3927863], [76.7612833, 10.3932255], [76.7613088, 10.3937526], [76.761194, 10.3940789], [76.761009, 10.3942295], [76.7606262, 10.3942671], [76.7599946, 10.3941667], [76.7592929, 10.3939722], [76.7585784, 10.3938342], [76.7578894, 10.393602], [76.7572323, 10.3932444], [76.7566327, 10.3929306], [76.7559628, 10.3923157], [76.7557077, 10.3919957], [76.7552675, 10.3918074], [76.754923, 10.39182], [76.7546168, 10.3920647], [76.7542213, 10.3922153], [76.7537301, 10.3922467], [76.7531559, 10.3921588], [76.7525116, 10.3920145], [76.7521352, 10.39182], [76.7516823, 10.3914937], [76.7512867, 10.3910858], [76.7505595, 10.3907846], [76.7501257, 10.390609], [76.7497812, 10.3906403], [76.7494048, 10.3909227], [76.7489583, 10.3915502], [76.7486202, 10.3918765], [76.7481481, 10.3922404], [76.7476377, 10.3925353], [76.7471784, 10.3928867], [76.7467765, 10.3932255], [76.7465213, 10.3935016], [76.7461641, 10.393784], [76.7446841, 10.3946624], [76.7435804, 10.3953338], [76.7429935, 10.3956978], [76.7421451, 10.3960617], [76.7416283, 10.3962939], [76.7410669, 10.3967394], [76.7403971, 10.3972602], [76.7396762, 10.3975488], [76.7389936, 10.3978688], [76.7385917, 10.3983143], [76.7381069, 10.398559], [76.7372903, 10.3989418], [76.7364865, 10.3993057], [76.7358486, 10.3996571], [76.7347641, 10.4001967], [76.7339411, 10.400799], [76.7328311, 10.4014892], [76.7323718, 10.4018343], [76.7320847, 10.4021606], [76.7318423, 10.4025496], [76.7315042, 10.4027755], [76.7309492, 10.4029512], [76.7301263, 10.4031081], [76.7295457, 10.4032273], [76.7291566, 10.403654], [76.728608, 10.4043442], [76.728053, 10.4047959], [76.7277276, 10.4051097], [76.7273704, 10.4053104], [76.7271343, 10.4053983], [76.7266941, 10.4052916], [76.7263433, 10.4052351], [76.7258967, 10.4054234], [76.7256734, 10.4056116], [76.724825, 10.4062202], [76.7242189, 10.4067473], [76.7238681, 10.4071991], [76.7235746, 10.4079896], [76.7232556, 10.4086108], [76.7230451, 10.4088241], [76.7226624, 10.4089245], [76.7222349, 10.408799], [76.7218841, 10.4087049], [76.7215715, 10.4085606], [76.7211568, 10.4082469], [76.7209973, 10.4080085], [76.7207422, 10.4076383], [76.7206401, 10.4072618], [76.7205061, 10.4069606], [76.7202828, 10.406603], [76.7199001, 10.4063834], [76.7195428, 10.4062077], [76.7191154, 10.4061387], [76.7185221, 10.406214], [76.7178331, 10.4063583], [76.7172335, 10.406534], [76.716755, 10.4066344], [76.7162702, 10.4066971], [76.7156514, 10.4068351], [76.7152814, 10.4069481], [76.714669, 10.406854], [76.7137567, 10.4066595], [76.7128827, 10.4063771], [76.7123788, 10.4062391], [76.7121585, 10.4061699], [76.7117791, 10.4060508], [76.711307, 10.4058563], [76.7108924, 10.4055865], [76.7106372, 10.4053293], [76.710197, 10.4048587], [76.7099929, 10.4046391], [76.709693, 10.4039426], [76.709457, 10.4033151], [76.7092592, 10.4028383], [76.7089211, 10.4024367], [76.7085958, 10.4022171], [76.7083087, 10.4021167], [76.7072689, 10.4017465], [76.7064969, 10.4014704], [76.7058016, 10.401301], [76.7050424, 10.4011441], [76.7042642, 10.4009434], [76.7035752, 10.4008116], [76.7028224, 10.4008932], [76.7023184, 10.4012759], [76.7021079, 10.4014892], [76.7018017, 10.4016022], [76.7011765, 10.4015332], [76.7003472, 10.4012571], [76.6996774, 10.4010438], [76.699116, 10.4010249], [76.6985482, 10.4012069], [76.6982675, 10.40137], [76.6975977, 10.4020728], [76.697317, 10.4025434], [76.6969853, 10.4029763], [76.6965961, 10.4031959], [76.6959582, 10.4032336], [76.6953521, 10.4030955], [76.6947333, 10.4028195], [76.6943442, 10.402443], [76.6939104, 10.4022485], [76.6932597, 10.4020602], [76.692845, 10.4018657], [76.6920221, 10.4016085], [76.6909822, 10.40137], [76.6902422, 10.401094], [76.6896043, 10.4008932], [76.6887431, 10.4005606], [76.688086, 10.4003347], [76.687263, 10.4000147], [76.6869249, 10.3999143], [76.6868037, 10.3997324], [76.6866506, 10.3993684], [76.6864784, 10.3990045], [76.6860765, 10.398628], [76.6858277, 10.3982578], [76.6856299, 10.397919], [76.6853301, 10.3976429], [76.6848006, 10.3973668], [76.6844051, 10.3973229], [76.6839585, 10.3976931], [76.6835183, 10.3981951], [76.6831164, 10.3983457], [76.6826507, 10.3982202], [76.6825779, 10.3981942], [76.6820893, 10.3980194], [76.6813111, 10.3977935], [76.6806986, 10.3975927], [76.6798948, 10.3973919], [76.679174, 10.3972476], [76.6784339, 10.3969841], [76.6779045, 10.396639], [76.6773176, 10.3961056], [76.6767051, 10.3954217], [76.6762777, 10.3952711], [76.6757291, 10.3952585], [76.6751486, 10.3952962], [76.6745234, 10.3952083], [76.6740322, 10.3949323], [76.673694, 10.3943424], [76.6736685, 10.393853], [76.673694, 10.3934389], [76.6735346, 10.3929494], [76.673222, 10.3926859], [76.6728839, 10.3926169], [76.6721885, 10.3924977], [76.6715251, 10.3925228], [76.6708361, 10.3927424], [76.6702173, 10.3930059], [76.6695155, 10.3931189], [76.6688393, 10.3931502], [76.6682269, 10.3930247], [76.6675634, 10.3927236], [76.6671871, 10.3924412], [76.6669064, 10.3920459], [76.6667469, 10.3916945], [76.6664598, 10.3912678], [76.6663339, 10.3908643], [76.6655684, 10.3907514], [76.6647774, 10.3904628], [76.6642995, 10.3904875], [76.6633093, 10.3899904], [76.6620987, 10.3894619], [76.6612377, 10.3893253], [76.6608814, 10.3892537], [76.6609479, 10.3887022], [76.6616382, 10.3880221], [76.6616624, 10.3874072], [76.6617535, 10.3869112], [76.6615366, 10.3862317]]}}, {"type": "Feature", "properties": {"id": "OSM-1074915579-0", "upstream_node": "osm:9858957921", "downstream_node": "osm:9858958068", "name": "Periyar tributary", "osm_way_id": 1074915579, "source": "OpenStreetMap", "source_url": "https://www.openstreetmap.org/way/1074915579", "mainstem": false, "demo": false}, "geometry": {"type": "LineString", "coordinates": [[76.8681621, 10.419654], [76.8674111, 10.4192319], [76.8671107, 10.4192319], [76.8668532, 10.4195696], [76.8665743, 10.4199073], [76.8663168, 10.4199073], [76.8659735, 10.4192108], [76.8655228, 10.4190842], [76.8652653, 10.4193375], [76.8646002, 10.4194852], [76.8635702, 10.4192108], [76.8629265, 10.418831], [76.8629265, 10.4184089], [76.8627119, 10.4183878], [76.8621111, 10.4181345], [76.8613171, 10.4180501], [76.8611026, 10.4181345], [76.860373, 10.4181345], [76.8594503, 10.4181345], [76.858077, 10.4186199], [76.857562, 10.4191053], [76.8572616, 10.4190842], [76.8570685, 10.4187677], [76.8572187, 10.4182823], [76.8568969, 10.4179446], [76.8559205, 10.4177441], [76.8558884, 10.417322], [76.855309, 10.415792], [76.8548584, 10.4150533], [76.8546224, 10.4143358], [76.8543219, 10.413977], [76.8531418, 10.4133017], [76.8531525, 10.4130695], [76.8535709, 10.4129957], [76.854043, 10.4128796], [76.8544292, 10.4123203], [76.8549335, 10.4118033], [76.8551695, 10.4114023], [76.8551588, 10.4109486], [76.8548691, 10.4104632], [76.8539035, 10.4100411], [76.8533242, 10.4092708], [76.8528521, 10.4091125], [76.8518543, 10.4088698], [76.8503523, 10.4073925], [76.8497944, 10.4068437], [76.8486357, 10.4067804], [76.8470049, 10.4064005], [76.8437648, 10.4044167], [76.8408679, 10.4031505], [76.838293, 10.4007867], [76.8356322, 10.3997737], [76.8296241, 10.3951305], [76.8237876, 10.389643], [76.8202685, 10.3875324]]}}, {"type": "Feature", "properties": {"id": "OSM-1074915580-0", "upstream_node": "osm:9217705194", "downstream_node": "osm:9858958068", "name": "Parambikkulam", "osm_way_id": 1074915580, "source": "OpenStreetMap", "source_url": "https://www.openstreetmap.org/way/1074915580", "mainstem": false, "demo": false}, "geometry": {"type": "LineString", "coordinates": [[76.8974318, 10.3713655], [76.8965852, 10.3710047], [76.8956164, 10.3707548], [76.895005, 10.370468], [76.8948451, 10.3702089], [76.8944782, 10.3699591], [76.8939797, 10.3698296], [76.8933683, 10.3695428], [76.8928698, 10.3693299], [76.8924089, 10.3691171], [76.8919103, 10.3688951], [76.891393, 10.368599], [76.8908004, 10.3684509], [76.8901137, 10.3681086], [76.8890602, 10.3673961], [76.8880726, 10.3665634], [76.8874988, 10.3658232], [76.8871978, 10.3654901], [76.8868216, 10.3652403], [76.8862948, 10.36512], [76.8859091, 10.3647869], [76.8857492, 10.3644815], [76.8857304, 10.3643427], [76.885674, 10.3641114], [76.8854859, 10.3638894], [76.8851002, 10.3636488], [76.884771, 10.3633249], [76.8844512, 10.3629456], [76.8844136, 10.3628068], [76.8845358, 10.362594], [76.8845547, 10.3623441], [76.8844512, 10.3622054], [76.8842442, 10.3621221], [76.883614, 10.3619833], [76.8829838, 10.3618723], [76.8825888, 10.3616039], [76.8824006, 10.3613633], [76.8823442, 10.3607897], [76.8822972, 10.3602808], [76.8819773, 10.3600494], [76.8815635, 10.3599662], [76.8813189, 10.3600124], [76.8810649, 10.3600587], [76.8809709, 10.3600217], [76.8806134, 10.3595775], [76.8801808, 10.3591612], [76.8800397, 10.3589483], [76.8800679, 10.3588003], [76.8801996, 10.3585227], [76.8802936, 10.3582266], [76.8804159, 10.3577085], [76.8804065, 10.3572181], [76.8803407, 10.3568849], [76.8801243, 10.3565796], [76.8797575, 10.3563945], [76.8794823, 10.3562457], [76.878891, 10.3566528], [76.8779254, 10.3563361], [76.8772602, 10.3554285], [76.8755436, 10.3544575], [76.8749857, 10.3544153], [76.8744921, 10.3545842], [76.8744707, 10.3552174], [76.8746209, 10.3569272], [76.8748569, 10.3580248], [76.8750286, 10.3598401], [76.8749857, 10.3606844], [76.8753934, 10.361782], [76.8756723, 10.3629429], [76.8754148, 10.3638083], [76.8755007, 10.3645471], [76.8759942, 10.3652647], [76.8766379, 10.3653281], [76.8770027, 10.3660457], [76.8770885, 10.3669322], [76.8769383, 10.367291], [76.8757367, 10.3686419], [76.8749857, 10.3689163], [76.8709731, 10.3678609], [76.8706941, 10.3679876], [76.8710375, 10.3688108], [76.8712306, 10.370035], [76.8712306, 10.3702672], [76.8708014, 10.3703938], [76.8696642, 10.370626], [76.8688702, 10.3703938], [76.8681192, 10.3698661], [76.8670893, 10.3701616], [76.8659305, 10.3704782], [76.8645143, 10.3703516], [76.8635487, 10.3707526], [76.8615317, 10.3719135], [76.8585879, 10.3717701], [76.8583336, 10.3717819], [76.8570471, 10.3721246], [76.8554454, 10.372964], [76.8550086, 10.3737076], [76.8544292, 10.374383], [76.8524551, 10.3746996], [76.8487643, 10.3762194], [76.8472194, 10.3763882], [76.8447303, 10.3763882], [76.8422412, 10.3772325], [76.8399238, 10.3803563], [76.8357181, 10.3820448], [76.8340015, 10.3819604], [76.827135, 10.3805251], [76.8234443, 10.3817915], [76.8202685, 10.3875324]]}}, {"type": "Feature", "properties": {"id": "OSM-1100966862-0", "upstream_node": "osm:8221570669", "downstream_node": "osm:582366368", "name": "Periyar", "osm_way_id": 1100966862, "source": "OpenStreetMap", "source_url": "https://www.openstreetmap.org/way/1100966862", "mainstem": true, "demo": false}, "geometry": {"type": "LineString", "coordinates": [[76.1745562, 10.1872538], [76.170953, 10.1856327], [76.16995, 10.1851805], [76.1676753, 10.1832064], [76.167097, 10.1827045], [76.1628372, 10.1768979]]}}, {"type": "Feature", "properties": {"id": "OSM-1100966863-0", "upstream_node": "osm:1764116833", "downstream_node": "osm:4664236090", "name": "Periyar", "osm_way_id": 1100966863, "source": "OpenStreetMap", "source_url": "https://www.openstreetmap.org/way/1100966863", "mainstem": true, "demo": false}, "geometry": {"type": "LineString", "coordinates": [[76.2638497, 10.1613848], [76.2605866, 10.164046], [76.2583962, 10.1658688], [76.2430163, 10.1786674], [76.2389776, 10.1816059], [76.2367001, 10.182792], [76.2296282, 10.1840585], [76.2285264, 10.1842075], [76.22652, 10.1849962], [76.2256388, 10.1855548], [76.2183182, 10.19227], [76.2157524, 10.1933923], [76.2129628, 10.1942859]]}}, {"type": "Feature", "properties": {"id": "OSM-1100966864-0", "upstream_node": "osm:5801378988", "downstream_node": "osm:5801378986", "name": "Edakochi Kayal", "osm_way_id": 1100966864, "source": "OpenStreetMap", "source_url": "https://www.openstreetmap.org/way/1100966864", "mainstem": false, "demo": false}, "geometry": {"type": "LineString", "coordinates": [[76.2587768, 9.9754347], [76.2578161, 9.9752646], [76.2522813, 9.9738911], [76.2508893, 9.9735211], [76.2441344, 9.9713002]]}}, {"type": "Feature", "properties": {"id": "OSM-1138288407-0", "upstream_node": "osm:4008782439", "downstream_node": "osm:1905138287", "name": "Perinjankuttyaar", "osm_way_id": 1138288407, "source": "OpenStreetMap", "source_url": "https://www.openstreetmap.org/way/1138288407", "mainstem": false, "demo": false}, "geometry": {"type": "LineString", "coordinates": [[77.0836226, 9.8980741], [77.0835425, 9.8981092], [77.0834441, 9.8981816], [77.0831739, 9.89884], [77.0828652, 9.8996765], [77.0828578, 9.8999798], [77.0827589, 9.9001568], [77.0826725, 9.900226], [77.0825618, 9.9003145], [77.0820477, 9.9004962], [77.0812888, 9.9007418], [77.0808489, 9.9008393], [77.0800168, 9.9012618], [77.0796392, 9.9015074], [77.0793753, 9.9016988], [77.0791553, 9.9017891], [77.078796, 9.9016771], [77.0784881, 9.901558], [77.0782535, 9.9012691], [77.078366, 9.9005881], [77.0781244, 9.9000022], [77.07767, 9.8994337], [77.0772081, 9.8993253], [77.0763466, 9.8995528], [77.0756956, 9.899633], [77.0751075, 9.8997984], [77.0739655, 9.9007652], [77.0738083, 9.901043], [77.0734956, 9.9012996], [77.0731533, 9.9015246], [77.0730197, 9.9016318], [77.072575, 9.9016016], [77.0708948, 9.9027205], [77.069971, 9.90332], [77.0691132, 9.9035656], [77.0679108, 9.9038256], [77.0670529, 9.9038834], [77.0666973, 9.9040061], [77.0663198, 9.9042698], [77.0658909, 9.9043745], [77.0654326, 9.9045912], [77.0650257, 9.9048656], [77.0643512, 9.9056745], [77.0635447, 9.9059273], [77.0627529, 9.9061729], [77.0622116, 9.9063237], [77.062027, 9.9063751], [77.0618629, 9.9064079], [77.0618009, 9.9064139], [77.0613341, 9.9064589], [77.0604424, 9.9064641], [77.0598306, 9.906413], [77.0587886, 9.906607], [77.0583154, 9.9067105], [77.0573806, 9.9069149], [77.0563358, 9.9073194], [77.0556111, 9.9077508], [77.0550325, 9.908281], [77.0547194, 9.9085679], [77.0540247, 9.9096199], [77.0536514, 9.9101715], [77.0533885, 9.9103068], [77.0529567, 9.910529], [77.0520919, 9.9109017], [77.0517954, 9.9110295], [77.0509555, 9.9113972], [77.0501571, 9.911867], [77.0498812, 9.9119669], [77.0496491, 9.9120509], [77.0483737, 9.9117342], [77.047679, 9.9116934], [77.046414, 9.911867], [77.0456882, 9.9123471], [77.044921, 9.9131642], [77.0441433, 9.9134706], [77.0436041, 9.9135319], [77.042982, 9.9133889], [77.0423184, 9.9134195], [77.0419037, 9.9134706], [77.0416445, 9.9139609], [77.0411468, 9.9145124], [77.0405765, 9.914686], [77.0377562, 9.9156461], [77.0362424, 9.9161773], [77.0353818, 9.9165347], [77.0351662, 9.9167404], [77.0350086, 9.9167476], [77.0349133, 9.9166284], [77.03473, 9.9165237], [77.0344477, 9.9165345], [77.0342131, 9.916632], [77.0340921, 9.9167259], [77.0339088, 9.9168559], [77.0336705, 9.9168595], [77.0334139, 9.916809], [77.0327834, 9.9169751], [77.0308845, 9.917589], [77.0301073, 9.917719], [77.0292715, 9.917849], [77.0290075, 9.9179862], [77.0287876, 9.9181451], [77.0283697, 9.9183184], [77.0273652, 9.9185206], [77.0266174, 9.9185279], [77.0261042, 9.9184267], [77.0257669, 9.918499], [77.0255103, 9.9188817], [77.025327, 9.9191129], [77.0248284, 9.919149], [77.0245404, 9.9192577], [77.0240439, 9.9194451], [77.0234593, 9.9196481], [77.0227755, 9.9198856], [77.0220834, 9.9200017], [77.0214075, 9.9204456], [77.0204365, 9.9207203], [77.0196372, 9.9208207], [77.0184141, 9.9211748], [77.016086, 9.922015], [77.0140507, 9.9224495], [77.0128753, 9.9228377], [77.0122825, 9.9228319], [77.0120138, 9.9229763], [77.0117411, 9.923059], [77.0116396, 9.9229815], [77.0115823, 9.9228669], [77.011509, 9.9227843], [77.0113636, 9.9227015], [77.0111697, 9.9226414], [77.0109542, 9.9227067], [77.0107702, 9.9227193], [77.010581, 9.9229022], [77.0102968, 9.9231001], [77.0100687, 9.9232104], [77.0087182, 9.923996], [77.0070846, 9.9244342], [77.0070285, 9.9244492], [77.0059246, 9.9246838], [77.0049253, 9.9248874], [77.0044795, 9.9247751], [77.0038262, 9.924438], [77.0025302, 9.9238558], [77.001317, 9.9237333], [77.0000013, 9.9242856], [76.9994618, 9.9243877], [76.9988561, 9.9240449], [76.9983741, 9.9239488], [76.9976121, 9.924322], [76.9970334, 9.9243232], [76.9956003, 9.9246482], [76.9938727, 9.9256074], [76.9926605, 9.9262259], [76.9924249, 9.9263461], [76.9920059, 9.9271242], [76.9917982, 9.9277406], [76.9912892, 9.9282338], [76.9910563, 9.9282854], [76.9898247, 9.9285583], [76.9893846, 9.9286016], [76.9889769, 9.928665], [76.9885585, 9.9286756], [76.9876921, 9.9288896], [76.9867027, 9.9290065], [76.985811, 9.9290414], [76.9849482, 9.9292644], [76.984274, 9.9296809], [76.9834655, 9.9302435], [76.9832212, 9.9311052], [76.9832408, 9.9317561], [76.9834107, 9.9324492], [76.9837628, 9.9335688], [76.9836739, 9.9342548], [76.9835201, 9.9345542], [76.9832161, 9.9348747], [76.982549, 9.9350295], [76.9807456, 9.9367961], [76.9802321, 9.9372175], [76.9797502, 9.9375213], [76.9795876, 9.9375724], [76.9793419, 9.9376356], [76.9790349, 9.9376905], [76.9787283, 9.9379326], [76.9780523, 9.9382634], [76.977784, 9.9383427], [76.9774555, 9.9385299], [76.977107, 9.9386005], [76.9769203, 9.9387506], [76.976577, 9.9391194], [76.9765556, 9.9397271], [76.9765353, 9.9400467]]}}, {"type": "Feature", "properties": {"id": "OSM-1161725433-0", "upstream_node": "osm:2893099372", "downstream_node": "osm:10804807221", "name": "Muthirapuzha", "osm_way_id": 1161725433, "source": "OpenStreetMap", "source_url": "https://www.openstreetmap.org/way/1161725433", "mainstem": false, "demo": false}, "geometry": {"type": "LineString", "coordinates": [[77.0014872, 9.9800997], [77.0011236, 9.979545], [77.0008708, 9.9792507], [77.000346, 9.9783586], [76.9996623, 9.9772758], [76.9994341, 9.9766635], [76.9982324, 9.9734387], [76.9981566, 9.9733079], [76.9981242, 9.973252], [76.9976811, 9.9724873], [76.9971181, 9.970045], [76.9957936, 9.9686955], [76.9946806, 9.9661355], [76.9940928, 9.9648579]]}}, {"type": "Feature", "properties": {"id": "OSM-1542827706-0", "upstream_node": "osm:7651983147", "downstream_node": "osm:3377022287", "name": "Karappara", "osm_way_id": 1542827706, "source": "OpenStreetMap", "source_url": "https://www.openstreetmap.org/way/1542827706", "mainstem": false, "demo": false}, "geometry": {"type": "LineString", "coordinates": [[76.6194355, 10.3847305], [76.6196608, 10.3840287], [76.6198114, 10.3836917], [76.6202402, 10.3830103], [76.6209912, 10.3821503], [76.6217691, 10.3812216], [76.62274, 10.3800238], [76.6234589, 10.3794908], [76.6243386, 10.3790582], [76.6248214, 10.3790371], [76.625374, 10.3792587], [76.6256583, 10.3798655], [76.6260499, 10.3805884], [76.6264468, 10.3815012], [76.6268438, 10.3821292], [76.6271388, 10.3829892], [76.6273642, 10.3832478], [76.6275787, 10.3833586], [76.627863, 10.3833955], [76.6287428, 10.3831423], [76.629923, 10.382699], [76.6304272, 10.3822769], [76.6308832, 10.3816595], [76.6310817, 10.3812585], [76.6310549, 10.3807045], [76.6307974, 10.3805937], [76.6305453, 10.380715], [76.630218, 10.3808891], [76.6300303, 10.380868], [76.6297191, 10.3806939], [76.6293973, 10.3803826], [76.6290539, 10.3799499], [76.6287965, 10.3791373], [76.6287911, 10.3782614], [76.6287965, 10.3771111], [76.6289198, 10.3768525], [76.6291612, 10.3766837], [76.6297513, 10.3766784], [76.6301107, 10.3766678], [76.6310227, 10.3764884], [76.6318649, 10.3763354], [76.632396, 10.3762932], [76.6328359, 10.3763723], [76.6331685, 10.3766414], [76.6339409, 10.3778867], [76.6347241, 10.3790371], [76.6356039, 10.3803246], [76.635915, 10.3807045], [76.6362905, 10.3808944], [76.6372669, 10.3810844], [76.638152, 10.3809947], [76.6384859, 10.3809611], [76.6386241, 10.3809472], [76.6389888, 10.3807203], [76.6394234, 10.3804987], [76.6401905, 10.380409], [76.6406947, 10.3804143], [76.6413224, 10.3806834], [76.6418052, 10.3811108], [76.6420948, 10.3815487], [76.6423738, 10.3825302], [76.6425669, 10.3830367], [76.6427493, 10.3832583], [76.6429532, 10.383348], [76.6433984, 10.3833533], [76.6439831, 10.3832636], [76.6444123, 10.383385], [76.6448307, 10.3836119], [76.6454744, 10.3838757], [76.645748, 10.3838915], [76.6460109, 10.3838229], [76.6465312, 10.3835222], [76.6471267, 10.3831897], [76.6478723, 10.3830631], [76.6485268, 10.3827307], [76.6488472, 10.3824288], [76.6490897, 10.3822729], [76.649379, 10.3821082], [76.6501838, 10.3816498], [76.6515047, 10.3817168], [76.6527076, 10.3800851], [76.6535202, 10.3783547], [76.6547322, 10.3772563]]}}, {"type": "Feature", "properties": {"id": "OSM-1542827707-0", "upstream_node": "osm:3377022281", "downstream_node": "osm:3377022287", "name": "Parambikkulam", "osm_way_id": 1542827707, "source": "OpenStreetMap", "source_url": "https://www.openstreetmap.org/way/1542827707", "mainstem": false, "demo": false}, "geometry": {"type": "LineString", "coordinates": [[76.6615366, 10.3862317], [76.6611379, 10.3859594], [76.6606029, 10.3854669], [76.6604091, 10.3852097], [76.6603916, 10.3846571], [76.6597139, 10.3841647], [76.6589576, 10.3844282], [76.6586378, 10.3844929], [76.658396, 10.384232], [76.6583412, 10.3819407], [76.65822, 10.3804712], [76.6575174, 10.3795943], [76.6566005, 10.3787748], [76.655323, 10.3780842], [76.6547322, 10.3772563]]}}]}